TERM,CAMPUS,XLST,CRN,DAYS,START,END,ROOM
202501,PA,"",13198,TR,1130,1245,AA 2140
202501,PA,"",13437,MW,1000,1115,AA 1270
202501,PA,"",13460,MW,830,945,AA 2140
202501,PA,"",13461,MW,1130,1245,AA 2140
202501,PA,"",13462,TR,1000,1115,AA 2135
202501,PA,"",13466,TR,1130,1245,AA 2135
202501,PA,"",13468,TR,1430,1545,AA 2130
202501,PA,"",13469,TR,830,945,AA 2135
202501,PA,"",13472,TR,1430,1545,AA 2145
202501,PA,"",13473,MW,1000,1115,AA 2310
202501,PA,"",13474,TR,1000,1115,AA 2240
202501,PA,"",13475,TR,1300,1415,AA 2240
202501,PA,"",13476,MW,830,945,AA 2310
202501,PA,"",13477,MW,1430,1545,AA 2240
202501,PA,"",13479,MW,1300,1355,AA 2310
202501,PA,"",13481,MW,1000,1115,AA 2160
202501,PA,"",13482,MW,1130,1245,AA 2200
202501,PA,"",13483,TR,1130,1245,AA 2200
202501,PA,"",13484,TR,1300,1415,AA 2300
202501,PA,"",13485,MW,1130,1245,AA 2160
202501,PA,"",13488,TR,1000,1115,AA 2160
202501,PA,"",13773,TR,1430,1525,AB 113
202501,PA,"",13877,MW,830,945,AB 107
202501,PA,"",13878,M,1000,1245,AB 218
202501,PA,"",13880,R,1000,1245,AB 218
202501,PA,"",13883,MW,1130,1245,AB 107
202501,PA,"",13885,TR,1300,1415,AB 107
202501,PA,"",13886,TR,1430,1545,AB 206
202501,PA,"",13887,MW,1600,1715,AB 204
202501,PA,"",13888,W,1300,1545,AB 218
202501,PA,"",13908,M,1300,1545,AB 232
202501,PA,"",14060,TR,1000,1115,AA 2280
202501,PA,"",14069,TR,1000,1055,AA 2310
202501,PA,"",14077,MW,830,945,AB 204
202501,PA,"",14078,MW,1000,1115,AB 206
202501,PA,"",14079,TR,1300,1415,AB 212
202501,PA,"",14105,TR,1000,1115,AA 2200
202501,PA,"",14110,MW,1000,1055,AA 2230
202501,PA,"",14112,MW,1130,1225,AA 2230
202501,PA,"",14233,TR,1130,1245,AB 107
202501,PA,"",14421,R,1300,1545,AB 132
202501,PA,"",14426,TR,1430,1545,AB 107
202501,PA,"",14427,R,1600,1845,AB 232
202501,PA,"",14478,MW,1130,1245,AA 2310
202501,PA,"",14479,TR,1300,1415,AA 2160
202501,PA,"",14490,T,1000,1245,AB 232
202501,PA,"",14493,MW,700,815,AA 2130
202501,PA,"",14494,MW,1000,1115,AA 2140
202501,PA,"",14511,MW,1130,1245,AB 220
202501,PA,"",14512,MW,1000,1055,AB 204
202501,PA,"",15046,TR,1000,1115,AA 1150
202501,PA,"",15216,W,1300,1545,AB 130
202501,PA,"",15236,MW,1300,1415,AA 2280
202501,PA,"",15242,TR,1130,1225,AA 1150
202501,PA,"",15244,TR,1130,1225,AA 2230
202501,PA,"",15256,MW,1300,1415,AA 2300
202501,PA,"",15276,T,1600,1845,AB 218
202501,PA,"",15413,TR,1300,1415,AB 204
202501,PA,"",15415,TR,1000,1055,AA 2230
202501,PA,"",15436,MW,1130,1245,AA 2300
202501,PA,"",15534,T,1130,1225,AB 204
202501,PA,"",15535,TR,1000,1115,AB 204
202501,PA,"",15653,TR,1430,1545,AA 2160
202501,PA,"",15666,MW,830,945,AB 212
202501,PA,"",15667,MW,1000,1115,AB 212
202501,PA,"",15706,TR,1300,1415,AA 2135
202501,PA,"",15732,W,1300,1545,AB 232
202501,PA,"",15733,R,1000,1245,AB 232
202501,PA,"",15844,W,1130,1245,AA 2275
202501,PA,"",15905,MW,1000,1115,AA 2240
202501,PA,"",15945,T,1300,1545,AB 132
202501,PA,"",15950,MW,1300,1355,AB 204
202501,PA,"",15951,MW,1130,1245,AB 204
202501,PA,"",15978,MW,1130,1245,AB 106
202501,PA,"",15988,MW,1000,1115,AA 2135
202501,PA,"",16218,TR,830,945,AA 2160
202501,PA,"",16362,MW,1130,1225,AB 212
202501,PA,"",16678,TR,1130,1245,AA 2145
202501,PA,"",16847,MW,1800,1915,AA 2280
202501,PA,"",17204,TR,1130,1245,AB 223
202501,PA,"",17205,R,1730,2015,AB 130
202501,PA,"",17207,T,1300,1545,AB 230
202501,PA,"",17427,TR,1300,1415,AA 2230
202501,PA,"",17756,TR,830,945,AB 206
202501,PA,"",17812,MW,1000,1115,AB 222
202501,PA,"",17813,TR,830,945,AB 222
202501,PA,"",17814,T,1000,1245,AB 132
202501,PA,"",18035,MW,1800,1915,AA 2160
202501,PA,"",18053,MW,1130,1225,AA 1150
202501,PA,"",18054,MW,1000,1115,AA 1150
202501,PA,"",18055,MW,1000,1115,AA 2145
202501,PA,"",18197,MW,1600,1715,AB 206
202501,PA,"",18198,M,1300,1545,AB 130
202501,PA,"",18199,MW,830,945,AB 206
202501,PA,"",18200,W,1000,1245,AB 218
202501,PA,"",18432,TR,1000,1115,AA 2275
202501,PA,"",18516,TR,1000,1115,AA 2145
202501,PA,"",18638,M,1000,1245,AB 216
202501,PA,"",18918,TR,900,1045,AB 220
202501,PA,"",19151,TR,1430,1545,AA 2240
202501,PA,"",19152,TR,1000,1115,AA 2130
202501,PA,"",19242,TR,1130,1225,AA 2310
202501,PA,"",19403,TR,1300,1415,AA 2310
202501,PA,"",19421,MW,1000,1115,AA 2280
202501,PA,"",19423,TR,1130,1245,AA 2160
202501,PA,"",19546,TR,1430,1545,AA 2300
202501,PA,"",19870,T,830,945,AA 1270
202501,PA,"",21093,TR,1300,1545,AB 210
202501,PA,"",21174,MW,830,945,AA 2300
202501,PA,"",21227,MW,1300,1415,AB 212
202501,PA,"",21228,MW,1130,1245,AB 206
202501,PA,"",21327,MW,1430,1525,AA 1270
202501,PA,"",21329,MW,1300,1415,AA 1270
202501,PA,"",21330,MW,1130,1245,AA 2145
202501,PA,"",21333,MW,1300,1415,AA 2135
202501,PA,"",21506,TR,1000,1115,AA 2140
202501,PA,"",21507,MW,830,945,AA 2240
202501,PA,"",21593,MW,1000,1055,AA 2200
202501,PA,"",21624,TR,900,1045,AB 113
202501,PA,"",21696,TR,1730,1845,AB 106
202501,PA,"",21697,T,1900,2145,AB 132
202501,PA,"",21698,W,1730,2015,AB 130
202501,PA,"",21699,W,1000,1245,AB 216
202501,PA,"",21710,TR,1000,1115,AA 2270
202501,PA,"",21717,MW,1300,1415,AA 2200
202501,PA,"",21800,TR,1130,1245,AA 2130
202501,PA,"",22074,MW,1130,1245,AA 2240
202501,PA,"",22151,TR,1300,1415,AA 2145
202501,PA,"",22152,TR,1130,1245,AA 2240
202501,PA,"",22153,TR,1430,1545,AA 2310
202501,PA,"",22263,R,1430,1715,AB 130
202501,PA,"",22537,TR,1000,1115,AB 206
202501,PA,"",22538,R,1130,1225,AB 206
202501,PA,PCA00,13801,MW,700,845,AB 222
202501,PA,PCA00,16605,MW,700,845,AB 222
202501,PA,PCA01,13800,TR,900,1045,AB 212
202501,PA,PCA01,16472,TR,900,1045,AB 212
202501,PA,PCA02,15981,MW,830,945,AA 2200
202501,PA,PCA02,16837,MW,830,945,AA 2200
202501,PA,PCA04,13463,MW,830,945,AA 2130
202501,PA,PCA04,18954,MW,830,945,AA 2130
202501,PA,PCA05,14420,MW,1130,1245,AB 222
202501,PA,PCA05,15729,MW,1130,1245,AB 222
202501,PA,PCA06,14953,W,1300,1545,AB 132
202501,PA,PCA06,15730,W,1300,1545,AB 132
202501,PA,PCA07,14422,TR,1300,1415,AB 220
202501,PA,PCA07,15849,TR,1300,1415,AB 220
202501,PA,PCA08,14423,T,1000,1245,AB 130
202501,PA,PCA08,15946,T,1000,1245,AB 130
202501,PA,PCA09,13884,TR,1130,1245,AB 222
202501,PA,PCA09,22242,TR,1130,1245,AB 222
202501,PA,PCA12,13903,R,1000,1245,AB 130
202501,PA,PCA12,19587,R,1000,1245,AB 130
202501,PA,PCA14,13433,TR,1000,1115,AA 2300
202501,PA,PCA14,20250,TR,1000,1115,AA 2300
202501,PA,PCA16,13467,TR,830,945,AA 2130
202501,PA,PCA16,18981,TR,830,945,AA 2130
202501,PA,PCA17,13889,W,1000,1245,AB 130
202501,PA,PCA17,19050,W,1000,1245,AB 130
202501,PA,PCA18,13799,MW,900,1045,AB 220
202501,PA,PCA18,20390,MW,900,1045,AB 220
202501,PA,PCA19,17206,MW,830,945,AB 211
202501,PA,PCA19,22203,MW,830,945,AB 211
202501,PA,PCA20,14425,MW,1000,1120,AB 132
202501,PA,PCA20,22204,MW,1000,1120,AB 132
202501,PA,PCSIM07,13879,TR,830,945,AB 107
202501,PA,PCSIM14,19629,MW,1300,1445,AB 114
202501,PA,PCSIM23,18637,MW,830,945,AB 216
202501,PA,PCSIM24,15736,MW,1300,1415,AB 216
202501,PA,PCSIM25,13882,TR,830,945,AB 106
202501,PA,PCSIM25,19586,TR,830,945,AB 106
202501,PA,PCSIM26,13881,MW,830,945,AB 106
202501,PA,PCSIM26,15731,MW,830,945,AB 106
202501,PC,"",13189,MW,1000,1115,CE 1150
202501,PC,"",13200,MW,830,945,CE 2160
202501,PC,"",13201,TR,830,945,CE 2170
202501,PC,"",13202,F,900,1145,CE 2170
202501,PC,"",13203,MW,1000,1115,CA 1401
202501,PC,"",13204,MW,1000,1115,CH 3200
202501,PC,"",13205,TR,1000,1115,CE 2160
202501,PC,"",13206,TR,1130,1245,CE 1140
202501,PC,"",13207,TR,1300,1415,CE 2160
202501,PC,"",13209,MW,1000,1115,CD 1100
202501,PC,"",13212,MW,1300,1415,CD 1100
202501,PC,"",13216,F,900,1145,CC 2230
202501,PC,"",13217,W,1000,1245,CC 2230
202501,PC,"",13218,F,1215,1500,CC 2230
202501,PC,"",13221,S,900,1145,CC 2120
202501,PC,"",13222,R,1300,1545,CC 2120
202501,PC,"",13223,T,1900,2145,CC 2120
202501,PC,"",13228,T,1430,1715,CC 2200
202501,PC,"",13244,W,900,1500,CI 1700
202501,PC,"",13245,R,900,1500,CH 1100
202501,PC,"",13246,T,900,1500,CH 1100
202501,PC,"",13288,TR,830,945,CD 1170
202501,PC,"",13291,MW,830,945,CD 1170
202501,PC,"",13294,M,830,1115,CC 2190
202501,PC,"",13307,TR,1300,1355,CH 2120
202501,PC,"",13308,TR,1130,1245,CH 2120
202501,PC,"",13458,TR,1100,1245,CC 1140
202501,PC,"",13470,TR,1000,1115,CA 1400
202501,PC,"",13491,TR,1250,1420,CF 0100
202501,PC,"",13493,MTWRF,1900,2230,CF 0110
202501,PC,"",13515,W,1300,1545,CC 2230
202501,PC,"",13527,M,1730,2015,CC 2120
202501,PC,"",13531,S,1215,1500,CC 2200
202501,PC,"",13541,MW,1130,1225,CE 2170
202501,PC,"",13573,MW,1000,1115,CB 2300
202501,PC,"",13574,MW,1130,1245,CB 2300
202501,PC,"",13575,MW,1300,1415,CB 2300
202501,PC,"",13577,TR,830,945,CB 2300
202501,PC,"",13578,TR,1000,1115,CB 2300
202501,PC,"",13579,TR,1130,1245,CB 2302
202501,PC,"",13581,TR,1430,1545,CB 2300
202501,PC,"",13583,MW,1130,1245,CB 2302
202501,PC,"",13591,MW,1300,1415,CB 2302
202501,PC,"",13607,TR,1000,1115,CA 1500
202501,PC,"",13677,MW,830,945,CE 1130
202501,PC,"",13678,MW,1000,1115,CE 1130
202501,PC,"",13680,TR,1000,1115,CE 1150
202501,PC,"",13682,MW,1000,1115,CB 2301
202501,PC,"",13688,MW,1000,1115,CE 1140
202501,PC,"",13689,F,900,1145,CB 2300
202501,PC,"",13691,MW,1130,1245,CB 2303
202501,PC,"",13692,MW,1300,1415,CB 2303
202501,PC,"",13693,TR,1300,1415,CB 2302
202501,PC,"",13694,TR,1000,1115,CB 2302
202501,PC,"",13695,MW,830,945,CB 1501
202501,PC,"",13697,MW,1130,1245,CE 1160
202501,PC,"",13699,TR,830,945,CE 2120
202501,PC,"",13700,MW,1000,1115,CB 1501
202501,PC,"",13705,MW,1430,1545,CE 2190
202501,PC,"",13718,MW,1130,1225,CH 2120
202501,PC,"",13724,MW,1130,1245,CD 1130
202501,PC,"",13725,TR,1130,1245,CC 1160
202501,PC,"",13727,MW,1130,1245,CD 1120
202501,PC,"",13728,TR,1000,1115,CD 2190
202501,PC,"",13729,MW,1300,1415,CC 2140
202501,PC,"",13730,TR,1300,1415,CH 3130
202501,PC,"",13738,TR,1300,1445,CC 1160
202501,PC,"",13739,MW,1100,1245,CC 1140
202501,PC,"",13740,MW,1300,1445,CC 1140
202501,PC,"",13743,TR,1430,1545,CE 1100
202501,PC,"",13745,MW,1930,2045,CC 1140
202501,PC,"",13748,MW,1730,1845,CC 1220
202501,PC,"",13749,TR,1130,1245,CA 1401
202501,PC,"",13750,W,1130,1415,CC 2120
202501,PC,"",13764,TR,1000,1245,CC 2200
202501,PC,"",13802,W,1900,2145,CC 2200
202501,PC,"",13803,T,1900,2145,CC 2200
202501,PC,"",13804,TR,1000,1245,CC 2200
202501,PC,"",13805,TR,1130,1245,CC 1220
202501,PC,"",13806,TR,1000,1115,CC 1220
202501,PC,"",13807,TR,1000,1120,CC 2100
202501,PC,"",13810,TR,1300,1420,CC 2100
202501,PC,"",13811,TR,1730,1850,CC 2100
202501,PC,"",13812,T,1300,1545,CC 2230
202501,PC,"",13814,MW,1130,1245,CC 1220
202501,PC,"",13815,M,1300,1545,CC 1150
202501,PC,"",13816,M,1130,1415,CC 2230
202501,PC,"",13817,MW,830,945,CC 1150
202501,PC,"",13818,MW,1600,1800,CC 1170
202501,PC,"",13819,TR,830,1030,CC 1170
202501,PC,"",13821,MW,1130,1245,CD 1190
202501,PC,"",13822,M,1300,1545,CC 1170
202501,PC,"",13823,TR,1130,1245,CD 1170
202501,PC,"",13824,T,1300,1545,CC 1170
202501,PC,"",13827,M,1000,1245,CC 2150
202501,PC,"",13828,W,1430,1715,CC 2150
202501,PC,"",13829,T,1000,1245,CC 2150
202501,PC,"",13830,W,1000,1245,CC 2150
202501,PC,"",13838,M,830,1115,CC 2170
202501,PC,"",13857,W,1000,1245,CC 2170
202501,PC,"",13859,W,1000,1115,CC 2140
202501,PC,"",13860,T,1430,1715,CC 1210
202501,PC,"",13861,R,1000,1245,CC 1210
202501,PC,"",13871,MW,1000,1115,CA 1500
202501,PC,"",13876,TR,1000,1115,CA 1410
202501,PC,"",14002,TR,830,945,CB 2302
202501,PC,"",14025,MW,830,945,CB 1502
202501,PC,"",14061,T,1130,1245,""
202501,PC,"",14065,T,1130,1245,CF 0100
202501,PC,"",14066,T,1130,1245,""
202501,PC,"",14086,TR,1130,1245,CD 2200
202501,PC,"",14089,MW,1300,1415,CC 1200
202501,PC,"",14093,TR,1300,1415,CE 1100
202501,PC,"",14094,MW,1000,1115,CB 2303
202501,PC,"",14100,MW,1130,1245,CE 1140
202501,PC,"",14101,TR,1000,1115,CE 2150
202501,PC,"",14117,TR,1430,1545,CB 2302
202501,PC,"",14120,MTWR,1900,2230,CF 1170
202501,PC,"",14121,TR,1130,1225,CD 2170
202501,PC,"",14156,TR,1000,1115,CA 1411
202501,PC,"",14228,MW,1000,1115,CE 1170
202501,PC,"",14380,MW,1130,1225,CG 0190
202501,PC,"",14407,MW,1000,1115,CH 3190
202501,PC,"",14408,T,1300,1415,CE 1190
202501,PC,"",14409,R,1300,1445,CE 1190
202501,PC,"",14411,MW,1300,1420,CC 2100
202501,PC,"",14412,TR,1800,1915,CD 1100
202501,PC,"",14413,T,900,1500,CI 1700
202501,PC,"",14418,TR,1000,1115,CF 0120
202501,PC,"",14446,TR,1130,1245,CE 1170
202501,PC,"",14447,TR,1300,1415,CE 1140
202501,PC,"",14448,MW,1130,1245,CE 1170
202501,PC,"",14449,MW,1130,1245,CE 2160
202501,PC,"",14450,TR,1000,1115,CB 2304
202501,PC,"",14451,MW,1300,1415,CE 2160
202501,PC,"",14464,TR,1130,1245,CB 2300
202501,PC,"",14466,TR,1300,1415,CB 2300
202501,PC,"",14473,MW,1000,1115,CE 1180
202501,PC,"",14474,MW,1130,1225,CE 1180
202501,PC,"",14475,TR,1130,1245,CE 1130
202501,PC,"",14476,MW,1300,1415,CD 2140
202501,PC,"",14487,MW,1000,1115,CD 1130
202501,PC,"",14573,MW,1300,1415,CH 2120
202501,PC,"",14596,M,830,925,CE 2170
202501,PC,"",14932,TR,1130,1245,CB 2301
202501,PC,"",14993,MW,830,945,CB 2303
202501,PC,"",15201,TR,1130,1225,CD 2190
202501,PC,"",15202,TR,1430,1525,CH 3130
202501,PC,"",15212,R,1900,2145,CC 2120
202501,PC,"",15213,MW,1430,1545,CC 1220
202501,PC,"",15214,TR,1430,1550,CC 2100
202501,PC,"",15215,MW,1000,1115,CC 1220
202501,PC,"",15218,TR,1000,1055,CD 1160
202501,PC,"",15224,"",,,""
202501,PC,"",15225,"",,,""
202501,PC,"",15265,TR,1130,1245,CB 1502
202501,PC,"",15272,F,900,1145,CE 1120
202501,PC,"",15359,TR,1130,1245,CD 2180
202501,PC,"",15387,TR,1130,1245,CA 1500
202501,PC,"",15425,MW,1130,1245,CB 1501
202501,PC,"",15547,MW,1130,1225,CA 1400
202501,PC,"",15658,TR,1130,1245,CH 3190
202501,PC,"",15661,TR,1300,1415,CC 1200
202501,PC,"",15662,TR,1000,1115,CD 2200
202501,PC,"",15664,MW,1300,1415,CB 2301
202501,PC,"",15672,W,1000,1115,CF 2130
202501,PC,"",15693,MW,1000,1055,CG 0190
202501,PC,"",15696,TR,1130,1250,CC 2100
202501,PC,"",15705,TR,1130,1245,CB 1501
202501,PC,"",15740,F,1215,1500,CD 1130
202501,PC,"",15767,TR,1130,1245,CF 0110
202501,PC,"",15775,MW,1430,1525,CE 1120
202501,PC,"",15892,W,830,925,CE 2170
202501,PC,"",15903,MW,1000,1115,CB 2302
202501,PC,"",15907,MW,830,945,CB 2300
202501,PC,"",15914,MW,830,945,CC 1220
202501,PC,"",15916,F,1215,1500,CC 2120
202501,PC,"",15917,F,900,1145,CC 2120
202501,PC,"",15925,T,830,1115,CC 2230
202501,PC,"",15926,F,900,1145,CD 1130
202501,PC,"",15980,MW,1000,1120,CC 2120
202501,PC,"",16008,MW,1430,1525,CE 1180
202501,PC,"",16009,MW,1300,1415,CE 1180
202501,PC,"",16010,MW,1300,1415,CE 2120
202501,PC,"",16024,TR,1130,1245,CF 2130
202501,PC,"",16040,MW,1000,1115,CE 2190
202501,PC,"",16370,MW,1730,1915,CC 1140
202501,PC,"",16469,TR,830,925,CE 1120
202501,PC,"",16473,R,900,1500,CI 1700
202501,PC,"",16474,R,900,1500,CI 1700
202501,PC,"",16680,F,900,1145,CC 2200
202501,PC,"",16691,MW,1600,1715,CE 1100
202501,PC,"",16706,TR,1130,1245,CA 1410
202501,PC,"",16737,MW,1000,1120,CC 1150
202501,PC,"",16738,W,1300,1545,CC 1150
202501,PC,"",16739,MW,1130,1245,CC 1150
202501,PC,"",16775,TR,1300,1415,CD 1100
202501,PC,"",16779,M,1000,1115,CF 2130
202501,PC,"",16780,TR,1130,1245,CF 0120
202501,PC,"",16782,MW,1200,1445,CF 2170
202501,PC,"",16787,MW,1130,1245,CB 1502
202501,PC,"",16788,TR,1300,1415,CB 1502
202501,PC,"",16807,TR,1130,1245,CE 2190
202501,PC,"",16808,TR,1300,1355,CE 2170
202501,PC,"",16809,MW,1130,1245,CE 1120
202501,PC,"",16810,TR,1000,1115,CD 2140
202501,PC,"",16811,TR,1300,1415,CH 3200
202501,PC,"",16812,TR,1130,1225,CH 3130
202501,PC,"",16813,TR,1000,1115,CH 3130
202501,PC,"",16814,W,1300,1355,CH 3190
202501,PC,"",16815,MW,1130,1245,CH 3190
202501,PC,"",16816,M,1600,1655,CH 3190
202501,PC,"",16817,MW,1430,1545,CH 3190
202501,PC,"",16868,T,900,1500,CI 1700
202501,PC,"",16869,F,900,1200,CH 1100
202501,PC,"",17018,MW,900,1145,CF 2170
202501,PC,"",17256,MW,1300,1445,CH 3130
202501,PC,"",17263,TR,1000,1115,CB 2301
202501,PC,"",17609,MW,1000,1115,CA 1410
202501,PC,"",17794,TR,1000,1115,CE 1140
202501,PC,"",17946,MW,1000,1115,CD 1120
202501,PC,"",17947,TR,1730,1845,CD 1130
202501,PC,"",17951,TR,830,945,CE 2160
202501,PC,"",17964,TR,1300,1545,CB 2301
202501,PC,"",17965,TR,830,945,CC 1220
202501,PC,"",17966,MW,1130,1245,CD 2190
202501,PC,"",17967,TR,1130,1245,CD 1160
202501,PC,"",17968,MW,1600,1715,CC 1220
202501,PC,"",17973,TR,1300,1545,CB 2301
202501,PC,"",17974,TR,1130,1245,CE 2140
202501,PC,"",17975,TR,1730,1845,CC 1220
202501,PC,"",17978,MW,1130,1245,CD 1170
202501,PC,"",17979,TR,830,945,CD 1190
202501,PC,"",17981,M,1300,1415,CD 1170
202501,PC,"",17984,W,1300,1415,CD 1170
202501,PC,"",17990,T,1300,1415,CD 1160
202501,PC,"",17993,R,1300,1415,CD 1160
202501,PC,"",18027,R,1000,1245,CC 2150
202501,PC,"",18028,T,1000,1245,CC 2190
202501,PC,"",18029,TR,1300,1415,CD 2170
202501,PC,"",18030,T,1430,1715,CC 2170
202501,PC,"",18031,R,1000,1245,CC 2170
202501,PC,"",18033,M,1000,1115,CC 2140
202501,PC,"",18034,M,1300,1545,CC 2190
202501,PC,"",18048,TR,1100,1245,CE 1100
202501,PC,"",18059,MW,1300,1355,CE 1120
202501,PC,"",18067,MW,1000,1115,CF 0120
202501,PC,"",18068,MW,1000,1115,CF 1190
202501,PC,"",18069,MF,1130,1245,CF 1170
202501,PC,"",18181,TR,1300,1415,CA 1400
202501,PC,"",18182,TR,830,945,CE 1150
202501,PC,"",18183,TR,1000,1055,CD 2180
202501,PC,"",18184,MW,1000,1115,CA 1411
202501,PC,"",18193,TR,1130,1245,CC 1150
202501,PC,"",18194,TR,1300,1420,CC 1150
202501,PC,"",18401,MW,1130,1245,CB 2301
202501,PC,"",18426,MW,1130,1245,CE 1150
202501,PC,"",18427,MW,1430,1545,CE 2140
202501,PC,"",18574,R,1130,1245,CF 0100
202501,PC,"",18575,R,1130,1245,""
202501,PC,"",18642,MW,700,815,CB 2300
202501,PC,"",18677,TR,1600,1715,CF 2130
202501,PC,"",18678,TR,900,1145,CF 2150
202501,PC,"",18890,MW,1100,1245,CH 3130
202501,PC,"",19161,W,1300,1545,CC 1170
202501,PC,"",19162,MW,1300,1415,CD 1190
202501,PC,"",19163,T,1430,1715,CC 2150
202501,PC,"",19164,S,900,1145,CD 1170
202501,PC,"",19165,S,1215,1500,CC 2170
202501,PC,"",19166,T,1000,1245,CC 2170
202501,PC,"",19167,W,1300,1545,CC 2190
202501,PC,"",19168,MW,1130,1245,CD 2200
202501,PC,"",19169,M,830,1115,CC 1210
202501,PC,"",19170,MW,1730,1845,CE 1120
202501,PC,"",19171,M,1900,2145,CC 1210
202501,PC,"",19173,TR,900,1145,CF 2170
202501,PC,"",19175,TR,1200,1445,CF 2150
202501,PC,"",19200,TR,1300,1445,CC 1140
202501,PC,"",19202,TR,1300,1355,CD 2180
202501,PC,"",19203,MW,1300,1415,CE 2150
202501,PC,"",19216,MW,1130,1245,CA 1500
202501,PC,"",19323,TR,1000,1115,CB 1502
202501,PC,"",19324,TR,1300,1415,CB 1501
202501,PC,"",19353,TR,1000,1115,CE 1170
202501,PC,"",19376,TR,700,945,CC 2200
202501,PC,"",19377,TR,700,945,CC 2200
202501,PC,"",19615,MW,1000,1115,CB 1502
202501,PC,"",19694,MW,1430,1545,CE 1100
202501,PC,"",19876,TR,1430,1545,CB 2304
202501,PC,"",19961,F,1215,1500,CC 1150
202501,PC,"",19973,TR,1600,1715,CE 2120
202501,PC,"",19974,T,1900,2145,CC 1210
202501,PC,"",19991,R,1130,1245,""
202501,PC,"",19993,R,1130,1245,""
202501,PC,"",20088,TR,1300,1415,CC 1220
202501,PC,"",20089,R,1430,1715,CC 2230
202501,PC,"",20239,MW,1130,1245,CA 1410
202501,PC,"",20249,MW,1130,1250,CC 2100
202501,PC,"",20555,TR,830,945,CE 1180
202501,PC,"",20556,TR,1000,1055,CE 1180
202501,PC,"",20617,TR,1000,1115,CB 1501
202501,PC,"",20963,MW,1130,1225,CE 1190
202501,PC,"",20964,MW,1000,1115,CE 1190
202501,PC,"",20965,TR,1000,1055,CE 1190
202501,PC,"",20966,TR,830,945,CE 1190
202501,PC,"",20981,T,1300,1415,CG 0220
202501,PC,"",21010,M,1730,2015,CC 2150
202501,PC,"",21012,W,1730,2015,CC 2190
202501,PC,"",21013,TR,1730,1845,CE 2120
202501,PC,"",21014,R,1900,2145,CC 1210
202501,PC,"",21031,TR,1000,1055,CF 2220
202501,PC,"",21033,TR,1300,1415,CF 0110
202501,PC,"",21039,T,1000,1115,CD 2130
202501,PC,"",21042,TR,1430,1525,CE 1120
202501,PC,"",21167,TR,1300,1415,CE 2150
202501,PC,"",21307,TR,1200,1445,CF 2210
202501,PC,"",21308,TR,1430,1545,CF 0120
202501,PC,"",21312,R,1900,1955,CH 3130
202501,PC,"",21313,TR,1730,1845,CH 3130
202501,PC,"",21337,TR,1000,1115,CA 1401
202501,PC,"",21460,TR,1930,2045,CE 1100
202501,PC,"",21502,TR,1300,1415,CB 2303
202501,PC,"",21606,MW,1130,1245,CE 1130
202501,PC,"",21607,TR,830,945,CB 2304
202501,PC,"",21608,MW,1600,1715,CE 1130
202501,PC,"",21609,TR,1300,1415,CE 1120
202501,PC,"",21610,TR,1300,1355,CB 2304
202501,PC,"",21612,TR,1130,1245,CB 2304
202501,PC,"",21755,TR,1130,1245,CA 1411
202501,PC,"",21763,MW,830,945,CA 1400
202501,PC,"",21764,MW,1000,1115,CA 1400
202501,PC,"",21871,TR,1130,1225,CG 0220
202501,PC,"",21903,TR,1130,1225,CD 1190
202501,PC,"",21922,TR,1430,1545,CD 1100
202501,PC,"",22002,MW,1000,1055,CD 2180
202501,PC,"",22003,MW,1130,1245,CD 2180
202501,PC,"",22004,MW,1300,1355,CD 2180
202501,PC,"",22006,TR,1000,1115,CB 2303
202501,PC,"",22022,TR,1000,1120,CC 2120
202501,PC,"",22053,MW,900,1145,CF 2150
202501,PC,"",22054,MW,1000,1115,CF 0110
202501,PC,"",22144,W,1330,1420,NE 1200
202501,PC,"",22164,R,1130,1245,""
202501,PC,"",22198,TR,1000,1115,CC 1150
202501,PC,"",22229,W,1430,1715,CC 2170
202501,PC,"",22270,TR,1900,2015,CC 1220
202501,PC,"",22316,R,1000,1245,CC 2190
202501,PC,"",22426,TR,1130,1245,CE 1160
202501,PC,"",22582,MW,1730,1845,CH 3190
202501,PC,"",22583,W,1900,1955,CH 3190
202501,PC,"",22586,TR,830,945,CE 1140
202501,PC,"",22587,TR,1000,1115,CE 2170
202501,PC,"",22588,MW,1000,1115,CE 1120
202501,PC,AAN,13696,MW,1000,1115,CE 1160
202501,PC,AAN,13698,MW,1000,1115,CE 1160
202501,PC,END,19552,TR,930,1045,CB 2305
202501,PC,PCE15,15709,TR,1130,1245,CB 2305
202501,PC,PCH01,13872,TR,1130,1245,CC 1200
202501,PC,PCH01,19217,TR,1130,1245,CC 1200
202501,PC,PCH02,16784,MW,1300,1415,CB 1502
202501,PC,PCH02,18505,MW,1300,1415,CB 1502
202501,PC,PCH04,18032,R,1430,1715,CC 2170
202501,PC,PCH04,22430,R,1430,1715,CC 2170
202501,PC,PCH05,17985,TR,1300,1415,CD 1190
202501,PC,PCH05,22431,TR,1300,1415,CD 1190
202501,PC,PCH20,20190,MW,1300,1415,CC 1220
202501,PC,PCH20,22723,MW,1300,1415,CC 1220
202501,PC,PCH21,13530,W,1000,1245,CC 2200
202501,PC,PCH21,22724,W,1000,1245,CC 2200
202501,PC,PCSIM01,19176,MW,1130,1230,CC 1200
202501,PC,PCSIM02,19178,MW,1000,1115,CC 1200
202501,PC,PCSIM03,19180,TR,1430,1545,CC 1200
202501,PC,PCSIM04,18061,R,1000,1115,CC 1200
202501,PC,PCSIM05,19214,T,1000,1115,CC 1200
202501,PC,PCSIM06,19960,F,900,1145,CC 1220
202501,PC,PCSIM15,21619,MW,1130,1245,CB 2305
202501,PC,PCSIM19,20979,TR,830,945,CA 1500
202501,PC,PCSIM20,21931,R,1000,1050,CD 1170
202501,PC,PCSIM30,20980,TR,1130,1245,CE 1120
202501,PC,PCT01,18070,MW,1300,1545,CF 2200
202501,PC,PCT01,18960,MW,1300,1545,CF 2200
202501,PE,"",13153,TR,1000,1115,1N 1280
202501,PE,"",13154,MW,1000,1115,1N 1230
202501,PE,"",13155,MW,1130,1245,1N 1230
202501,PE,"",13191,TR,1000,1115,1N 1310
202501,PE,"",13192,TR,1130,1245,1N 1310
202501,PE,"",13194,TR,1430,1545,1N 1310
202501,PE,"",13267,TR,830,945,1N 2270
202501,PE,"",13276,MW,1000,1115,1N 2280
202501,PE,"",13280,MW,830,945,1N 2280
202501,PE,"",13281,MW,1130,1245,1N 2270
202501,PE,"",13282,TR,830,945,1N 2280
202501,PE,"",13283,TR,1300,1415,1N 2290
202501,PE,"",13326,T,1130,1415,1N 3280
202501,PE,"",13327,TR,1000,1115,1N 3230
202501,PE,"",13328,R,1130,1415,1N 3280
202501,PE,"",13336,R,1130,1415,1N 3320
202501,PE,"",13337,R,1430,1715,1N 3320
202501,PE,"",13338,MW,1130,1245,1N 3240
202501,PE,"",13419,W,1300,1545,1N 3310
202501,PE,"",13420,TR,1130,1245,1N 3140
202501,PE,"",13421,R,1430,1715,1N 3310
202501,PE,"",13422,MW,1000,1115,1N 3140
202501,PE,"",13423,M,1300,1545,1N 3270
202501,PE,"",13424,T,1430,1715,1N 3270
202501,PE,"",13672,MW,1130,1245,1N 2430
202501,PE,"",13681,MW,830,925,1N 3440
202501,PE,"",13716,MW,1000,1115,1N 2440
202501,PE,"",13717,TR,1130,1245,1N 2440
202501,PE,"",13753,MW,1000,1115,1N 3440
202501,PE,"",13761,TR,1000,1115,1N 2340
202501,PE,"",14012,TR,1000,1115,1N 1300
202501,PE,"",14102,TR,830,945,1N 1430
202501,PE,"",14202,MW,1130,1225,1N 1290
202501,PE,"",14385,MW,1130,1245,1N 2240
202501,PE,"",15310,MW,1300,1415,1N 2240
202501,PE,"",15529,TR,1000,1055,1N 1430
202501,PE,"",15545,TR,1300,1415,1N 3440
202501,PE,"",15546,T,1130,1225,1N 3440
202501,PE,"",15656,TR,1430,1545,1N 3230
202501,PE,"",15668,MW,830,945,1N 2340
202501,PE,"",15906,TR,1000,1115,1N 1250
202501,PE,"",16063,MW,1000,1115,1N 2270
202501,PE,"",16102,T,1300,1415,1N 1250
202501,PE,"",16213,TR,1000,1115,1N 2280
202501,PE,"",16221,MW,1300,1445,1N 2430
202501,PE,"",16447,TR,1000,1055,1N 1270
202501,PE,"",16449,TR,830,945,1N 2430
202501,PE,"",16749,MW,1000,1115,1N 3240
202501,PE,"",16750,M,1430,1715,1N 3280
202501,PE,"",16751,TR,1000,1115,1N 3140
202501,PE,"",16752,W,1300,1545,1N 3320
202501,PE,"",16753,M,1300,1545,1N 3320
202501,PE,"",16754,MW,1730,1850,1N 3280
202501,PE,"",16755,MW,1130,1245,1N 3140
202501,PE,"",16770,TR,1000,1055,1N 1290
202501,PE,"",16771,MW,830,945,1N 1290
202501,PE,"",16840,TR,1130,1225,1N 1300
202501,PE,"",18087,TR,1000,1115,1N 2210
202501,PE,"",19220,TR,1300,1415,1N 3140
202501,PE,"",19406,TR,1300,1415,1N 1290
202501,PE,"",19407,TR,1430,1545,1N 1290
202501,PE,"",21096,MW,1130,1245,1N 2100
202501,PE,"",21106,MW,1130,1225,1N 1430
202501,PE,"",21107,MW,1000,1115,1N 1430
202501,PE,"",21591,MW,1130,1245,1N 1300
202501,PE,"",22220,M,1300,1545,1N 3310
202501,PE,"",22341,TR,1300,1415,1N 1320
202501,PE,"",22342,T,1430,1525,1N 1320
202501,PE,PCE02,14943,TR,1130,1225,1N 1270
202501,PE,PCE02,17530,TR,1130,1225,1N 1270
202501,PE,PCE03,13197,TR,830,945,1N 1250
202501,PE,PCE03,16841,TR,830,945,1N 1250
202501,PE,PCE04,16103,R,1300,1415,1N 1250
202501,PE,PCE04,17847,R,1300,1415,1N 1250
202501,PE,PCE05,13158,TR,1300,1415,1N 1230
202501,PE,PCE05,16675,TR,1300,1415,1N 1230
202501,PE,PCE08,13341,MW,1000,1115,1N 3210
202501,PE,PCE08,17670,MW,1000,1115,1N 3210
202501,PE,PCE09,13342,MW,1130,1250,1N 3280
202501,PE,PCE09,17671,MW,1130,1250,1N 3280
202501,PE,PCE10,16756,TR,1000,1115,1N 3210
202501,PE,PCE10,16757,TR,1000,1115,1N 3210
202501,PE,PCE11,16758,TR,1300,1420,1N 3200
202501,PE,PCE11,16759,TR,1300,1420,1N 3200
202501,PE,PCE12,16980,TR,1000,1115,1N 2270
202501,PE,PCE12,22023,TR,1000,1115,1N 2270
202501,PE,PCE14,13156,TR,1430,1545,1N 1230
202501,PE,PCE14,16220,TR,1430,1545,1N 1230
202501,PE,PCE15,18088,TR,1130,1245,1N 1440
202501,PE,PCE15,18714,TR,1130,1245,1N 1440
202501,PE,PCE16,13185,MW,1000,1115,1N 1300
202501,PE,PCE16,19925,MW,1000,1115,1N 1300
202501,PE,PCE17,13199,MW,1300,1415,1N 1250
202501,PE,PCE17,19926,MW,1300,1415,1N 1250
202501,PE,PCE18,17297,MW,1000,1115,1N 3230
202501,PE,PCE18,18964,MW,1000,1115,1N 3230
202501,PE,PCE20,17298,MW,1300,1420,1N 3200
202501,PE,PCE20,18965,MW,1300,1420,1N 3200
202501,PE,PCSIM08,13787,TR,1100,1245,1N 2300
202501,PE,PCSIM09,15669,MW,1100,1245,1N 2300
202501,PE,PCSIM10,18438,M,1130,1245,1N 2230
202501,PE,PCSIM11,18402,TR,1000,1115,1N 2250
202501,PE,PCSIM12,14488,TR,830,945,1N 2250
202501,PE,PCSIM13,18835,TR,1300,1415,1N 2250
202501,PE,PCSIM22,13605,MW,1000,1115,1N 2330
202501,PF,"",13116,"",,,ONLINE
202501,PF,"",13157,"",,,ONLINE
202501,PF,"",13184,"",,,ONLINE
202501,PF,"",13187,"",,,ONLINE
202501,PF,"",13188,"",,,ONLINE
202501,PF,"",13193,"",,,ONLINE
202501,PF,"",13195,"",,,ONLINE
202501,PF,"",13247,"",,,ONLINE
202501,PF,"",13263,"",,,ONLINE
202501,PF,"",13265,"",,,ONLINE
202501,PF,"",13268,"",,,ONLINE
202501,PF,"",13269,"",,,ONLINE
202501,PF,"",13270,"",,,ONLINE
202501,PF,"",13271,"",,,ONLINE
202501,PF,"",13272,"",,,ONLINE
202501,PF,"",13273,"",,,ONLINE
202501,PF,"",13274,"",,,ONLINE
202501,PF,"",13275,"",,,ONLINE
202501,PF,"",13306,"",,,ONLINE
202501,PF,"",13309,"",,,ONLINE
202501,PF,"",13313,"",,,ONLINE
202501,PF,"",13315,"",,,ONLINE
202501,PF,"",13323,"",,,ONLINE
202501,PF,"",13324,"",,,ONLINE
202501,PF,"",13325,"",,,ONLINE
202501,PF,"",13332,"",,,ONLINE
202501,PF,"",13333,"",,,ONLINE
202501,PF,"",13334,"",,,ONLINE
202501,PF,"",13335,"",,,ONLINE
202501,PF,"",13349,"",,,ONLINE
202501,PF,"",13353,"",,,ONLINE
202501,PF,"",13354,"",,,ONLINE
202501,PF,"",13359,"",,,ONLINE
202501,PF,"",13363,"",,,ONLINE
202501,PF,"",13365,"",,,ONLINE
202501,PF,"",13367,"",,,ONLINE
202501,PF,"",13372,"",,,ONLINE
202501,PF,"",13373,"",,,ONLINE
202501,PF,"",13374,"",,,ONLINE
202501,PF,"",13378,"",,,ONLINE
202501,PF,"",13380,"",,,ONLINE
202501,PF,"",13387,"",,,ONLINE
202501,PF,"",13388,"",,,ONLINE
202501,PF,"",13389,"",,,ONLINE
202501,PF,"",13395,"",,,ONLINE
202501,PF,"",13398,"",,,ONLINE
202501,PF,"",13399,"",,,ONLINE
202501,PF,"",13400,"",,,ONLINE
202501,PF,"",13401,"",,,ONLINE
202501,PF,"",13404,"",,,ONLINE
202501,PF,"",13405,"",,,ONLINE
202501,PF,"",13406,"",,,ONLINE
202501,PF,"",13407,"",,,ONLINE
202501,PF,"",13408,"",,,ONLINE
202501,PF,"",13409,"",,,ONLINE
202501,PF,"",13411,"",,,ONLINE
202501,PF,"",13413,"",,,ONLINE
202501,PF,"",13414,"",,,ONLINE
202501,PF,"",13416,"",,,ONLINE
202501,PF,"",13418,"",,,ONLINE
202501,PF,"",13425,"",,,ONLINE
202501,PF,"",13426,"",,,ONLINE
202501,PF,"",13434,"",,,ONLINE
202501,PF,"",13435,"",,,ONLINE
202501,PF,"",13436,"",,,ONLINE
202501,PF,"",13438,"",,,ONLINE
202501,PF,"",13439,"",,,ONLINE
202501,PF,"",13451,"",,,ONLINE
202501,PF,"",13452,"",,,ONLINE
202501,PF,"",13453,"",,,ONLINE
202501,PF,"",13454,"",,,ONLINE
202501,PF,"",13455,"",,,ONLINE
202501,PF,"",13457,"",,,ONLINE
202501,PF,"",13459,"",,,ONLINE
202501,PF,"",13464,"",,,ONLINE
202501,PF,"",13478,"",,,ONLINE
202501,PF,"",13480,"",,,ONLINE
202501,PF,"",13486,"",,,ONLINE
202501,PF,"",13489,"",,,ONLINE
202501,PF,"",13496,"",,,ONLINE
202501,PF,"",13498,"",,,ONLINE
202501,PF,"",13499,"",,,ONLINE
202501,PF,"",13503,"",,,ONLINE
202501,PF,"",13514,"",,,ONLINE
202501,PF,"",13517,"",,,ONLINE
202501,PF,"",13518,"",,,ONLINE
202501,PF,"",13534,"",,,ONLINE
202501,PF,"",13542,"",,,ONLINE
202501,PF,"",13543,"",,,ONLINE
202501,PF,"",13544,"",,,ONLINE
202501,PF,"",13545,"",,,ONLINE
202501,PF,"",13546,"",,,ONLINE
202501,PF,"",13547,"",,,ONLINE
202501,PF,"",13548,"",,,ONLINE
202501,PF,"",13549,"",,,ONLINE
202501,PF,"",13550,"",,,ONLINE
202501,PF,"",13552,"",,,ONLINE
202501,PF,"",13555,"",,,ONLINE
202501,PF,"",13563,"",,,ONLINE
202501,PF,"",13566,"",,,ONLINE
202501,PF,"",13568,"",,,ONLINE
202501,PF,"",13569,"",,,ONLINE
202501,PF,"",13570,"",,,ONLINE
202501,PF,"",13576,"",,,ONLINE
202501,PF,"",13582,"",,,ONLINE
202501,PF,"",13585,"",,,ONLINE
202501,PF,"",13586,"",,,ONLINE
202501,PF,"",13589,"",,,ONLINE
202501,PF,"",13592,"",,,ONLINE
202501,PF,"",13596,"",,,ONLINE
202501,PF,"",13598,"",,,ONLINE
202501,PF,"",13600,"",,,ONLINE
202501,PF,"",13603,"",,,ONLINE
202501,PF,"",13606,"",,,ONLINE
202501,PF,"",13615,"",,,ONLINE
202501,PF,"",13616,"",,,ONLINE
202501,PF,"",13617,"",,,ONLINE
202501,PF,"",13618,"",,,ONLINE
202501,PF,"",13619,"",,,ONLINE
202501,PF,"",13620,"",,,ONLINE
202501,PF,"",13621,"",,,ONLINE
202501,PF,"",13622,"",,,ONLINE
202501,PF,"",13623,"",,,ONLINE
202501,PF,"",13624,"",,,ONLINE
202501,PF,"",13625,"",,,ONLINE
202501,PF,"",13626,"",,,ONLINE
202501,PF,"",13661,"",,,ONLINE
202501,PF,"",13670,"",,,ONLINE
202501,PF,"",13671,"",,,ONLINE
202501,PF,"",13674,"",,,ONLINE
202501,PF,"",13675,"",,,ONLINE
202501,PF,"",13676,"",,,ONLINE
202501,PF,"",13683,"",,,ONLINE
202501,PF,"",13684,"",,,ONLINE
202501,PF,"",13685,"",,,ONLINE
202501,PF,"",13686,"",,,ONLINE
202501,PF,"",13687,"",,,ONLINE
202501,PF,"",13690,"",,,ONLINE
202501,PF,"",13701,"",,,ONLINE
202501,PF,"",13702,"",,,ONLINE
202501,PF,"",13703,"",,,ONLINE
202501,PF,"",13704,"",,,ONLINE
202501,PF,"",13706,"",,,ONLINE
202501,PF,"",13707,"",,,ONLINE
202501,PF,"",13708,"",,,ONLINE
202501,PF,"",13711,"",,,ONLINE
202501,PF,"",13712,"",,,ONLINE
202501,PF,"",13713,"",,,ONLINE
202501,PF,"",13714,"",,,ONLINE
202501,PF,"",13715,"",,,ONLINE
202501,PF,"",13719,"",,,ONLINE
202501,PF,"",13720,"",,,ONLINE
202501,PF,"",13721,"",,,ONLINE
202501,PF,"",13722,"",,,ONLINE
202501,PF,"",13723,"",,,ONLINE
202501,PF,"",13726,"",,,ONLINE
202501,PF,"",13733,"",,,ONLINE
202501,PF,"",13734,"",,,ONLINE
202501,PF,"",13735,"",,,ONLINE
202501,PF,"",13736,"",,,ONLINE
202501,PF,"",13737,"",,,ONLINE
202501,PF,"",13741,"",,,ONLINE
202501,PF,"",13742,"",,,ONLINE
202501,PF,"",13746,"",,,ONLINE
202501,PF,"",13751,"",,,ONLINE
202501,PF,"",13752,"",,,ONLINE
202501,PF,"",13759,"",,,ONLINE
202501,PF,"",13760,"",,,ONLINE
202501,PF,"",13826,"",,,ONLINE
202501,PF,"",13845,"",,,ONLINE
202501,PF,"",13846,"",,,ONLINE
202501,PF,"",13847,"",,,ONLINE
202501,PF,"",13849,"",,,ONLINE
202501,PF,"",13851,"",,,ONLINE
202501,PF,"",13852,"",,,ONLINE
202501,PF,"",13856,"",,,ONLINE
202501,PF,"",13862,"",,,ONLINE
202501,PF,"",13863,"",,,ONLINE
202501,PF,"",13864,"",,,ONLINE
202501,PF,"",13865,"",,,ONLINE
202501,PF,"",13866,"",,,ONLINE
202501,PF,"",13867,"",,,ONLINE
202501,PF,"",13868,"",,,ONLINE
202501,PF,"",13869,"",,,ONLINE
202501,PF,"",13870,"",,,ONLINE
202501,PF,"",13874,MW,1000,1115,ONLINE
202501,PF,"",13875,MW,1000,1115,ONLINE
202501,PF,"",13900,"",,,ONLINE
202501,PF,"",13902,"",,,ONLINE
202501,PF,"",13904,"",,,ONLINE
202501,PF,"",13905,"",,,ONLINE
202501,PF,"",13906,"",,,ONLINE
202501,PF,"",13909,"",,,ONLINE
202501,PF,"",13914,"",,,ONLINE
202501,PF,"",13915,"",,,ONLINE
202501,PF,"",13916,"",,,ONLINE
202501,PF,"",13917,"",,,ONLINE
202501,PF,"",13918,"",,,ONLINE
202501,PF,"",13919,"",,,ONLINE
202501,PF,"",13920,"",,,ONLINE
202501,PF,"",13921,"",,,ONLINE
202501,PF,"",13922,"",,,ONLINE
202501,PF,"",13923,"",,,ONLINE
202501,PF,"",13924,"",,,ONLINE
202501,PF,"",13926,"",,,ONLINE
202501,PF,"",13927,"",,,ONLINE
202501,PF,"",13928,"",,,ONLINE
202501,PF,"",13932,"",,,ONLINE
202501,PF,"",13940,"",,,ONLINE
202501,PF,"",13941,"",,,ONLINE
202501,PF,"",13942,"",,,ONLINE
202501,PF,"",13943,"",,,ONLINE
202501,PF,"",13944,"",,,ONLINE
202501,PF,"",13946,"",,,ONLINE
202501,PF,"",13947,"",,,ONLINE
202501,PF,"",13948,"",,,ONLINE
202501,PF,"",13949,"",,,ONLINE
202501,PF,"",13950,"",,,ONLINE
202501,PF,"",13954,"",,,ONLINE
202501,PF,"",13955,"",,,ONLINE
202501,PF,"",13956,"",,,ONLINE
202501,PF,"",13957,"",,,ONLINE
202501,PF,"",13958,"",,,ONLINE
202501,PF,"",13959,"",,,ONLINE
202501,PF,"",13960,"",,,ONLINE
202501,PF,"",13961,"",,,ONLINE
202501,PF,"",13962,"",,,ONLINE
202501,PF,"",13963,"",,,ONLINE
202501,PF,"",13964,"",,,ONLINE
202501,PF,"",13965,"",,,ONLINE
202501,PF,"",13966,"",,,ONLINE
202501,PF,"",13967,"",,,ONLINE
202501,PF,"",13969,"",,,ONLINE
202501,PF,"",13970,"",,,ONLINE
202501,PF,"",13971,"",,,ONLINE
202501,PF,"",13973,"",,,ONLINE
202501,PF,"",13974,"",,,ONLINE
202501,PF,"",13975,"",,,ONLINE
202501,PF,"",13976,"",,,ONLINE
202501,PF,"",13978,"",,,ONLINE
202501,PF,"",13979,"",,,ONLINE
202501,PF,"",13980,"",,,ONLINE
202501,PF,"",13981,"",,,ONLINE
202501,PF,"",13982,"",,,ONLINE
202501,PF,"",13984,"",,,ONLINE
202501,PF,"",13985,"",,,ONLINE
202501,PF,"",13986,"",,,ONLINE
202501,PF,"",13987,"",,,ONLINE
202501,PF,"",13988,"",,,ONLINE
202501,PF,"",13990,"",,,ONLINE
202501,PF,"",13991,"",,,ONLINE
202501,PF,"",13992,"",,,ONLINE
202501,PF,"",13993,"",,,ONLINE
202501,PF,"",13994,"",,,ONLINE
202501,PF,"",13995,"",,,ONLINE
202501,PF,"",13996,"",,,ONLINE
202501,PF,"",13997,"",,,ONLINE
202501,PF,"",13998,"",,,ONLINE
202501,PF,"",13999,"",,,ONLINE
202501,PF,"",14001,"",,,ONLINE
202501,PF,"",14003,"",,,ONLINE
202501,PF,"",14004,"",,,ONLINE
202501,PF,"",14005,"",,,ONLINE
202501,PF,"",14006,"",,,ONLINE
202501,PF,"",14008,"",,,ONLINE
202501,PF,"",14010,"",,,ONLINE
202501,PF,"",14011,"",,,ONLINE
202501,PF,"",14014,"",,,ONLINE
202501,PF,"",14015,"",,,ONLINE
202501,PF,"",14026,"",,,ONLINE
202501,PF,"",14027,"",,,ONLINE
202501,PF,"",14029,"",,,ONLINE
202501,PF,"",14030,"",,,ONLINE
202501,PF,"",14031,"",,,ONLINE
202501,PF,"",14032,"",,,ONLINE
202501,PF,"",14033,"",,,ONLINE
202501,PF,"",14034,"",,,ONLINE
202501,PF,"",14035,"",,,ONLINE
202501,PF,"",14037,"",,,ONLINE
202501,PF,"",14038,"",,,ONLINE
202501,PF,"",14039,"",,,ONLINE
202501,PF,"",14044,"",,,ONLINE
202501,PF,"",14045,"",,,ONLINE
202501,PF,"",14046,"",,,ONLINE
202501,PF,"",14047,"",,,ONLINE
202501,PF,"",14051,"",,,ONLINE
202501,PF,"",14052,"",,,ONLINE
202501,PF,"",14057,"",,,ONLINE
202501,PF,"",14063,"",,,ONLINE
202501,PF,"",14067,"",,,ONLINE
202501,PF,"",14068,"",,,ONLINE
202501,PF,"",14070,"",,,ONLINE
202501,PF,"",14072,"",,,ONLINE
202501,PF,"",14073,"",,,ONLINE
202501,PF,"",14075,"",,,ONLINE
202501,PF,"",14076,"",,,ONLINE
202501,PF,"",14085,"",,,ONLINE
202501,PF,"",14088,"",,,ONLINE
202501,PF,"",14106,"",,,ONLINE
202501,PF,"",14109,"",,,ONLINE
202501,PF,"",14111,"",,,ONLINE
202501,PF,"",14113,"",,,ONLINE
202501,PF,"",14114,"",,,ONLINE
202501,PF,"",14115,"",,,ONLINE
202501,PF,"",14116,"",,,ONLINE
202501,PF,"",14127,"",,,ONLINE
202501,PF,"",14148,"",,,ONLINE
202501,PF,"",14158,"",,,ONLINE
202501,PF,"",14175,"",,,ONLINE
202501,PF,"",14217,"",,,ONLINE
202501,PF,"",14230,"",,,ONLINE
202501,PF,"",14232,"",,,ONLINE
202501,PF,"",14268,"",,,ONLINE
202501,PF,"",14269,"",,,ONLINE
202501,PF,"",14272,"",,,ONLINE
202501,PF,"",14352,"",,,ONLINE
202501,PF,"",14358,"",,,ONLINE
202501,PF,"",14384,"",,,ONLINE
202501,PF,"",14398,"",,,ONLINE
202501,PF,"",14414,"",,,ONLINE
202501,PF,"",14416,"",,,ONLINE
202501,PF,"",14417,"",,,ONLINE
202501,PF,"",14434,"",,,ONLINE
202501,PF,"",14445,"",,,ONLINE
202501,PF,"",14461,"",,,ONLINE
202501,PF,"",14463,"",,,ONLINE
202501,PF,"",14465,"",,,ONLINE
202501,PF,"",14467,"",,,ONLINE
202501,PF,"",14468,"",,,ONLINE
202501,PF,"",14471,"",,,ONLINE
202501,PF,"",14472,"",,,ONLINE
202501,PF,"",14480,"",,,ONLINE
202501,PF,"",14481,"",,,ONLINE
202501,PF,"",14483,"",,,ONLINE
202501,PF,"",14484,"",,,ONLINE
202501,PF,"",14486,"",,,ONLINE
202501,PF,"",14489,"",,,ONLINE
202501,PF,"",14491,"",,,ONLINE
202501,PF,"",14496,"",,,ONLINE
202501,PF,"",14498,"",,,ONLINE
202501,PF,"",14510,"",,,ONLINE
202501,PF,"",14557,"",,,ONLINE
202501,PF,"",14558,"",,,ONLINE
202501,PF,"",14559,"",,,ONLINE
202501,PF,"",14560,"",,,ONLINE
202501,PF,"",14561,"",,,ONLINE
202501,PF,"",14564,"",,,ONLINE
202501,PF,"",14565,"",,,ONLINE
202501,PF,"",14917,"",,,ONLINE
202501,PF,"",14970,"",,,ONLINE
202501,PF,"",14978,"",,,ONLINE
202501,PF,"",14983,"",,,ONLINE
202501,PF,"",15035,"",,,ONLINE
202501,PF,"",15042,"",,,ONLINE
202501,PF,"",15049,"",,,ONLINE
202501,PF,"",15055,"",,,ONLINE
202501,PF,"",15056,"",,,ONLINE
202501,PF,"",15061,"",,,ONLINE
202501,PF,"",15066,"",,,ONLINE
202501,PF,"",15135,"",,,ONLINE
202501,PF,"",15136,"",,,ONLINE
202501,PF,"",15143,"",,,ONLINE
202501,PF,"",15156,"",,,ONLINE
202501,PF,"",15160,"",,,ONLINE
202501,PF,"",15161,"",,,ONLINE
202501,PF,"",15164,"",,,ONLINE
202501,PF,"",15165,"",,,ONLINE
202501,PF,"",15200,"",,,ONLINE
202501,PF,"",15203,"",,,ONLINE
202501,PF,"",15204,"",,,ONLINE
202501,PF,"",15205,"",,,ONLINE
202501,PF,"",15210,"",,,ONLINE
202501,PF,"",15227,"",,,ONLINE
202501,PF,"",15229,"",,,ONLINE
202501,PF,"",15231,"",,,ONLINE
202501,PF,"",15232,"",,,ONLINE
202501,PF,"",15233,"",,,ONLINE
202501,PF,"",15235,"",,,ONLINE
202501,PF,"",15246,"",,,ONLINE
202501,PF,"",15247,"",,,ONLINE
202501,PF,"",15248,"",,,ONLINE
202501,PF,"",15249,"",,,ONLINE
202501,PF,"",15254,"",,,ONLINE
202501,PF,"",15257,"",,,ONLINE
202501,PF,"",15260,"",,,ONLINE
202501,PF,"",15270,"",,,ONLINE
202501,PF,"",15271,"",,,ONLINE
202501,PF,"",15274,"",,,ONLINE
202501,PF,"",15278,"",,,ONLINE
202501,PF,"",15293,"",,,ONLINE
202501,PF,"",15294,"",,,ONLINE
202501,PF,"",15295,"",,,ONLINE
202501,PF,"",15296,"",,,ONLINE
202501,PF,"",15307,"",,,ONLINE
202501,PF,"",15328,"",,,ONLINE
202501,PF,"",15341,"",,,ONLINE
202501,PF,"",15360,"",,,ONLINE
202501,PF,"",15414,"",,,ONLINE
202501,PF,"",15448,"",,,ONLINE
202501,PF,"",15476,"",,,ONLINE
202501,PF,"",15493,"",,,ONLINE
202501,PF,"",15507,"",,,ONLINE
202501,PF,"",15517,"",,,ONLINE
202501,PF,"",15524,"",,,ONLINE
202501,PF,"",15536,"",,,ONLINE
202501,PF,"",15537,"",,,ONLINE
202501,PF,"",15544,"",,,ONLINE
202501,PF,"",15555,"",,,ONLINE
202501,PF,"",15647,"",,,ONLINE
202501,PF,"",15657,"",,,ONLINE
202501,PF,"",15682,"",,,ONLINE
202501,PF,"",15683,"",,,ONLINE
202501,PF,"",15686,"",,,ONLINE
202501,PF,"",15694,"",,,ONLINE
202501,PF,"",15699,"",,,ONLINE
202501,PF,"",15700,"",,,ONLINE
202501,PF,"",15702,"",,,ONLINE
202501,PF,"",15745,"",,,ONLINE
202501,PF,"",15746,"",,,ONLINE
202501,PF,"",15747,"",,,ONLINE
202501,PF,"",15748,"",,,ONLINE
202501,PF,"",15749,"",,,ONLINE
202501,PF,"",15750,"",,,ONLINE
202501,PF,"",15755,"",,,ONLINE
202501,PF,"",15761,"",,,ONLINE
202501,PF,"",15769,"",,,ONLINE
202501,PF,"",15797,"",,,ONLINE
202501,PF,"",15798,"",,,ONLINE
202501,PF,"",15799,"",,,ONLINE
202501,PF,"",15800,"",,,ONLINE
202501,PF,"",15809,"",,,ONLINE
202501,PF,"",15818,"",,,ONLINE
202501,PF,"",15820,"",,,ONLINE
202501,PF,"",15821,"",,,ONLINE
202501,PF,"",15823,"",,,ONLINE
202501,PF,"",15828,"",,,ONLINE
202501,PF,"",15838,"",,,ONLINE
202501,PF,"",15845,"",,,ONLINE
202501,PF,"",15878,"",,,ONLINE
202501,PF,"",15880,"",,,ONLINE
202501,PF,"",15897,"",,,ONLINE
202501,PF,"",15898,"",,,ONLINE
202501,PF,"",15900,"",,,ONLINE
202501,PF,"",15901,"",,,ONLINE
202501,PF,"",15902,"",,,ONLINE
202501,PF,"",15908,"",,,ONLINE
202501,PF,"",15948,"",,,ONLINE
202501,PF,"",15949,"",,,ONLINE
202501,PF,"",15952,"",,,ONLINE
202501,PF,"",15958,"",,,ONLINE
202501,PF,"",15970,"",,,ONLINE
202501,PF,"",15979,"",,,ONLINE
202501,PF,"",15989,"",,,ONLINE
202501,PF,"",16025,"",,,ONLINE
202501,PF,"",16034,"",,,ONLINE
202501,PF,"",16049,"",,,ONLINE
202501,PF,"",16210,"",,,ONLINE
202501,PF,"",16211,"",,,ONLINE
202501,PF,"",16219,"",,,ONLINE
202501,PF,"",16225,"",,,ONLINE
202501,PF,"",16226,"",,,ONLINE
202501,PF,"",16227,"",,,ONLINE
202501,PF,"",16355,"",,,ONLINE
202501,PF,"",16359,"",,,ONLINE
202501,PF,"",16360,"",,,ONLINE
202501,PF,"",16361,"",,,ONLINE
202501,PF,"",16426,"",,,ONLINE
202501,PF,"",16456,"",,,ONLINE
202501,PF,"",16463,"",,,ONLINE
202501,PF,"",16464,"",,,ONLINE
202501,PF,"",16465,"",,,ONLINE
202501,PF,"",16466,"",,,ONLINE
202501,PF,"",16467,"",,,ONLINE
202501,PF,"",16471,"",,,ONLINE
202501,PF,"",16477,"",,,ONLINE
202501,PF,"",16535,"",,,ONLINE
202501,PF,"",16632,"",,,ONLINE
202501,PF,"",16654,R,1900,2100,ONLINE
202501,PF,"",16682,"",,,ONLINE
202501,PF,"",16686,"",,,ONLINE
202501,PF,"",16773,"",,,ONLINE
202501,PF,"",16776,"",,,ONLINE
202501,PF,"",16777,"",,,ONLINE
202501,PF,"",16783,"",,,ONLINE
202501,PF,"",16785,"",,,ONLINE
202501,PF,"",16786,"",,,ONLINE
202501,PF,"",16796,"",,,ONLINE
202501,PF,"",16835,"",,,ONLINE
202501,PF,"",16848,"",,,ONLINE
202501,PF,"",16849,"",,,ONLINE
202501,PF,"",16850,"",,,ONLINE
202501,PF,"",16852,"",,,ONLINE
202501,PF,"",16853,"",,,ONLINE
202501,PF,"",16854,"",,,ONLINE
202501,PF,"",16855,"",,,ONLINE
202501,PF,"",16857,"",,,ONLINE
202501,PF,"",16858,"",,,ONLINE
202501,PF,"",16859,"",,,ONLINE
202501,PF,"",16860,"",,,ONLINE
202501,PF,"",16861,"",,,ONLINE
202501,PF,"",16979,"",,,ONLINE
202501,PF,"",16991,"",,,ONLINE
202501,PF,"",16993,"",,,ONLINE
202501,PF,"",16994,"",,,ONLINE
202501,PF,"",17015,"",,,ONLINE
202501,PF,"",17016,M,1900,2100,ONLINE
202501,PF,"",17017,"",,,ONLINE
202501,PF,"",17233,"",,,ONLINE
202501,PF,"",17234,"",,,ONLINE
202501,PF,"",17236,"",,,ONLINE
202501,PF,"",17243,"",,,ONLINE
202501,PF,"",17244,"",,,ONLINE
202501,PF,"",17245,"",,,ONLINE
202501,PF,"",17246,"",,,ONLINE
202501,PF,"",17249,"",,,ONLINE
202501,PF,"",17250,"",,,ONLINE
202501,PF,"",17251,"",,,ONLINE
202501,PF,"",17252,"",,,ONLINE
202501,PF,"",17253,"",,,ONLINE
202501,PF,"",17254,"",,,ONLINE
202501,PF,"",17258,"",,,ONLINE
202501,PF,"",17259,"",,,ONLINE
202501,PF,"",17260,"",,,ONLINE
202501,PF,"",17264,"",,,ONLINE
202501,PF,"",17265,"",,,ONLINE
202501,PF,"",17267,TR,1300,1545,ONLINE
202501,PF,"",17281,"",,,ONLINE
202501,PF,"",17282,"",,,ONLINE
202501,PF,"",17283,"",,,ONLINE
202501,PF,"",17284,"",,,ONLINE
202501,PF,"",17285,"",,,ONLINE
202501,PF,"",17286,"",,,ONLINE
202501,PF,"",17287,"",,,ONLINE
202501,PF,"",17288,"",,,ONLINE
202501,PF,"",17289,"",,,ONLINE
202501,PF,"",17291,"",,,ONLINE
202501,PF,"",17300,"",,,ONLINE
202501,PF,"",17301,"",,,ONLINE
202501,PF,"",17302,"",,,ONLINE
202501,PF,"",17303,"",,,ONLINE
202501,PF,"",17307,"",,,ONLINE
202501,PF,"",17308,"",,,ONLINE
202501,PF,"",17309,"",,,ONLINE
202501,PF,"",17310,"",,,ONLINE
202501,PF,"",17311,"",,,ONLINE
202501,PF,"",17312,"",,,ONLINE
202501,PF,"",17313,"",,,ONLINE
202501,PF,"",17314,"",,,ONLINE
202501,PF,"",17315,"",,,ONLINE
202501,PF,"",17316,"",,,ONLINE
202501,PF,"",17368,"",,,ONLINE
202501,PF,"",17369,"",,,ONLINE
202501,PF,"",17370,"",,,ONLINE
202501,PF,"",17371,"",,,ONLINE
202501,PF,"",17372,"",,,ONLINE
202501,PF,"",17373,"",,,ONLINE
202501,PF,"",17374,"",,,ONLINE
202501,PF,"",17376,"",,,ONLINE
202501,PF,"",17378,"",,,ONLINE
202501,PF,"",17379,"",,,ONLINE
202501,PF,"",17404,"",,,ONLINE
202501,PF,"",17702,"",,,ONLINE
202501,PF,"",17816,"",,,ONLINE
202501,PF,"",17817,"",,,ONLINE
202501,PF,"",17820,"",,,ONLINE
202501,PF,"",17823,"",,,ONLINE
202501,PF,"",17826,"",,,ONLINE
202501,PF,"",17833,"",,,ONLINE
202501,PF,"",17841,"",,,ONLINE
202501,PF,"",17853,"",,,ONLINE
202501,PF,"",17863,"",,,ONLINE
202501,PF,"",17865,"",,,ONLINE
202501,PF,"",17870,"",,,ONLINE
202501,PF,"",17874,"",,,ONLINE
202501,PF,"",17877,"",,,ONLINE
202501,PF,"",17881,"",,,ONLINE
202501,PF,"",17885,"",,,ONLINE
202501,PF,"",17886,"",,,ONLINE
202501,PF,"",17887,"",,,ONLINE
202501,PF,"",17888,"",,,ONLINE
202501,PF,"",17889,"",,,ONLINE
202501,PF,"",17891,"",,,ONLINE
202501,PF,"",17892,"",,,ONLINE
202501,PF,"",17893,"",,,ONLINE
202501,PF,"",17896,"",,,ONLINE
202501,PF,"",17900,"",,,ONLINE
202501,PF,"",17901,"",,,ONLINE
202501,PF,"",17902,"",,,ONLINE
202501,PF,"",17903,"",,,ONLINE
202501,PF,"",17904,"",,,ONLINE
202501,PF,"",17905,"",,,ONLINE
202501,PF,"",17909,"",,,ONLINE
202501,PF,"",17910,"",,,ONLINE
202501,PF,"",17913,"",,,ONLINE
202501,PF,"",17915,"",,,ONLINE
202501,PF,"",17922,"",,,ONLINE
202501,PF,"",18092,"",,,ONLINE
202501,PF,"",18093,"",,,ONLINE
202501,PF,"",18094,"",,,ONLINE
202501,PF,"",18096,"",,,ONLINE
202501,PF,"",18242,"",,,ONLINE
202501,PF,"",18243,"",,,ONLINE
202501,PF,"",18244,"",,,ONLINE
202501,PF,"",18245,"",,,ONLINE
202501,PF,"",18246,"",,,ONLINE
202501,PF,"",18247,"",,,ONLINE
202501,PF,"",18248,"",,,ONLINE
202501,PF,"",18249,"",,,ONLINE
202501,PF,"",18250,"",,,ONLINE
202501,PF,"",18251,"",,,ONLINE
202501,PF,"",18252,"",,,ONLINE
202501,PF,"",18551,"",,,ONLINE
202501,PF,"",18560,"",,,ONLINE
202501,PF,"",18586,"",,,ONLINE
202501,PF,"",18590,"",,,ONLINE
202501,PF,"",18623,"",,,ONLINE
202501,PF,"",18724,"",,,ONLINE
202501,PF,"",18784,TR,1000,1115,ONLINE
202501,PF,"",18789,"",,,ONLINE
202501,PF,"",18794,"",,,ONLINE
202501,PF,"",18795,"",,,ONLINE
202501,PF,"",18855,"",,,ONLINE
202501,PF,"",18856,"",,,ONLINE
202501,PF,"",18902,"",,,ONLINE
202501,PF,"",18903,"",,,ONLINE
202501,PF,"",18904,"",,,ONLINE
202501,PF,"",18917,"",,,ONLINE
202501,PF,"",18933,"",,,ONLINE
202501,PF,"",18955,"",,,ONLINE
202501,PF,"",18978,"",,,ONLINE
202501,PF,"",18979,"",,,ONLINE
202501,PF,"",18983,"",,,ONLINE
202501,PF,"",18990,"",,,ONLINE
202501,PF,"",18997,"",,,ONLINE
202501,PF,"",18998,"",,,ONLINE
202501,PF,"",18999,"",,,ONLINE
202501,PF,"",19000,"",,,ONLINE
202501,PF,"",19004,"",,,ONLINE
202501,PF,"",19005,"",,,ONLINE
202501,PF,"",19006,"",,,ONLINE
202501,PF,"",19007,"",,,ONLINE
202501,PF,"",19008,"",,,ONLINE
202501,PF,"",19009,"",,,ONLINE
202501,PF,"",19010,"",,,ONLINE
202501,PF,"",19013,"",,,ONLINE
202501,PF,"",19015,"",,,ONLINE
202501,PF,"",19017,"",,,ONLINE
202501,PF,"",19019,"",,,ONLINE
202501,PF,"",19020,"",,,ONLINE
202501,PF,"",19027,"",,,ONLINE
202501,PF,"",19028,"",,,ONLINE
202501,PF,"",19031,"",,,ONLINE
202501,PF,"",19032,"",,,ONLINE
202501,PF,"",19036,"",,,ONLINE
202501,PF,"",19037,"",,,ONLINE
202501,PF,"",19044,"",,,ONLINE
202501,PF,"",19228,"",,,ONLINE
202501,PF,"",19243,"",,,ONLINE
202501,PF,"",19250,"",,,ONLINE
202501,PF,"",19251,"",,,ONLINE
202501,PF,"",19252,"",,,ONLINE
202501,PF,"",19585,"",,,ONLINE
202501,PF,"",19591,"",,,ONLINE
202501,PF,"",19682,"",,,ONLINE
202501,PF,"",19703,"",,,ONLINE
202501,PF,"",19730,"",,,ONLINE
202501,PF,"",19732,"",,,ONLINE
202501,PF,"",19733,"",,,ONLINE
202501,PF,"",19773,"",,,ONLINE
202501,PF,"",19906,"",,,ONLINE
202501,PF,"",19907,"",,,ONLINE
202501,PF,"",19940,"",,,ONLINE
202501,PF,"",20063,TR,1000,1115,ONLINE
202501,PF,"",20206,"",,,ONLINE
202501,PF,"",20207,"",,,ONLINE
202501,PF,"",20283,"",,,ONLINE
202501,PF,"",20284,"",,,ONLINE
202501,PF,"",20290,"",,,ONLINE
202501,PF,"",20291,"",,,ONLINE
202501,PF,"",20299,"",,,ONLINE
202501,PF,"",20318,"",,,ONLINE
202501,PF,"",20334,"",,,ONLINE
202501,PF,"",20338,"",,,ONLINE
202501,PF,"",20382,"",,,ONLINE
202501,PF,"",20394,"",,,ONLINE
202501,PF,"",20395,"",,,ONLINE
202501,PF,"",20397,"",,,ONLINE
202501,PF,"",20439,"",,,ONLINE
202501,PF,"",20441,"",,,ONLINE
202501,PF,"",20448,"",,,ONLINE
202501,PF,"",20461,"",,,ONLINE
202501,PF,"",20465,"",,,ONLINE
202501,PF,"",20468,"",,,ONLINE
202501,PF,"",20472,"",,,ONLINE
202501,PF,"",20498,"",,,ONLINE
202501,PF,"",20499,"",,,ONLINE
202501,PF,"",20505,"",,,ONLINE
202501,PF,"",20524,"",,,ONLINE
202501,PF,"",20525,"",,,ONLINE
202501,PF,"",20526,"",,,ONLINE
202501,PF,"",20531,"",,,ONLINE
202501,PF,"",20539,"",,,ONLINE
202501,PF,"",20544,"",,,ONLINE
202501,PF,"",20549,"",,,ONLINE
202501,PF,"",20564,"",,,ONLINE
202501,PF,"",20567,"",,,ONLINE
202501,PF,"",20570,"",,,ONLINE
202501,PF,"",20573,"",,,ONLINE
202501,PF,"",20574,"",,,ONLINE
202501,PF,"",20577,"",,,ONLINE
202501,PF,"",20578,"",,,ONLINE
202501,PF,"",20579,"",,,ONLINE
202501,PF,"",20596,"",,,ONLINE
202501,PF,"",20621,"",,,ONLINE
202501,PF,"",20659,"",,,ONLINE
202501,PF,"",20944,"",,,ONLINE
202501,PF,"",21025,"",,,ONLINE
202501,PF,"",21215,"",,,ONLINE
202501,PF,"",21216,"",,,ONLINE
202501,PF,"",21311,"",,,ONLINE
202501,PF,"",21358,"",,,ONLINE
202501,PF,"",21359,"",,,ONLINE
202501,PF,"",21514,"",,,ONLINE
202501,PF,"",21594,"",,,ONLINE
202501,PF,"",21596,"",,,ONLINE
202501,PF,"",21598,"",,,ONLINE
202501,PF,"",21599,"",,,ONLINE
202501,PF,"",21600,"",,,ONLINE
202501,PF,"",21625,"",,,ONLINE
202501,PF,"",21626,"",,,ONLINE
202501,PF,"",21627,"",,,ONLINE
202501,PF,"",21628,"",,,ONLINE
202501,PF,"",21694,"",,,ONLINE
202501,PF,"",21695,"",,,ONLINE
202501,PF,"",21711,"",,,ONLINE
202501,PF,"",21712,"",,,ONLINE
202501,PF,"",21713,"",,,ONLINE
202501,PF,"",21765,"",,,ONLINE
202501,PF,"",21766,"",,,ONLINE
202501,PF,"",21767,"",,,ONLINE
202501,PF,"",21768,"",,,ONLINE
202501,PF,"",21769,"",,,ONLINE
202501,PF,"",21770,"",,,ONLINE
202501,PF,"",21771,"",,,ONLINE
202501,PF,"",21862,"",,,ONLINE
202501,PF,"",21894,"",,,ONLINE
202501,PF,"",21895,"",,,ONLINE
202501,PF,"",21904,"",,,ONLINE
202501,PF,"",21966,"",,,ONLINE
202501,PF,"",22016,"",,,ONLINE
202501,PF,"",22037,"",,,ONLINE
202501,PF,"",22038,"",,,ONLINE
202501,PF,"",22039,"",,,ONLINE
202501,PF,"",22040,"",,,ONLINE
202501,PF,"",22041,"",,,ONLINE
202501,PF,"",22042,"",,,ONLINE
202501,PF,"",22043,"",,,ONLINE
202501,PF,"",22091,"",,,ONLINE
202501,PF,"",22092,"",,,ONLINE
202501,PF,"",22093,"",,,ONLINE
202501,PF,"",22157,"",,,ONLINE
202501,PF,"",22193,"",,,ONLINE
202501,PF,"",22194,"",,,ONLINE
202501,PF,"",22195,"",,,ONLINE
202501,PF,"",22209,"",,,ONLINE
202501,PF,"",22210,"",,,ONLINE
202501,PF,"",22237,"",,,ONLINE
202501,PF,"",22247,"",,,ONLINE
202501,PF,"",22250,"",,,ONLINE
202501,PF,"",22251,"",,,ONLINE
202501,PF,"",22297,"",,,ONLINE
202501,PF,"",22306,"",,,ONLINE
202501,PF,"",22307,"",,,ONLINE
202501,PF,"",22308,"",,,ONLINE
202501,PF,"",22309,"",,,ONLINE
202501,PF,"",22318,"",,,ONLINE
202501,PF,"",22319,"",,,ONLINE
202501,PF,"",22320,"",,,ONLINE
202501,PF,"",22321,"",,,ONLINE
202501,PF,"",22322,"",,,ONLINE
202501,PF,"",22323,"",,,ONLINE
202501,PF,"",22354,"",,,ONLINE
202501,PF,"",22355,"",,,ONLINE
202501,PF,"",22356,"",,,ONLINE
202501,PF,"",22357,"",,,ONLINE
202501,PF,"",22358,"",,,ONLINE
202501,PF,"",22359,"",,,ONLINE
202501,PF,"",22367,"",,,ONLINE
202501,PF,"",22395,"",,,ONLINE
202501,PF,"",22396,"",,,ONLINE
202501,PF,"",22398,"",,,ONLINE
202501,PF,"",22401,"",,,ONLINE
202501,PF,"",22405,"",,,ONLINE
202501,PF,"",22406,"",,,ONLINE
202501,PF,"",22411,"",,,ONLINE
202501,PF,"",22412,"",,,ONLINE
202501,PF,"",22413,"",,,ONLINE
202501,PF,"",22414,"",,,ONLINE
202501,PF,"",22415,"",,,ONLINE
202501,PF,"",22416,"",,,ONLINE
202501,PF,"",22417,"",,,ONLINE
202501,PF,"",22419,"",,,ONLINE
202501,PF,"",22420,"",,,ONLINE
202501,PF,"",22421,"",,,ONLINE
202501,PF,"",22422,"",,,ONLINE
202501,PF,"",22423,"",,,ONLINE
202501,PF,"",22424,"",,,ONLINE
202501,PF,"",22425,"",,,ONLINE
202501,PF,"",22427,"",,,ONLINE
202501,PF,"",22433,"",,,ONLINE
202501,PF,"",22434,"",,,ONLINE
202501,PF,"",22435,"",,,ONLINE
202501,PF,"",22437,"",,,ONLINE
202501,PF,"",22442,"",,,ONLINE
202501,PF,"",22445,"",,,ONLINE
202501,PF,"",22446,"",,,ONLINE
202501,PF,"",22447,"",,,ONLINE
202501,PF,"",22455,"",,,ONLINE
202501,PF,"",22461,"",,,ONLINE
202501,PF,"",22463,"",,,ONLINE
202501,PF,"",22466,"",,,ONLINE
202501,PF,"",22469,"",,,ONLINE
202501,PF,"",22473,"",,,ONLINE
202501,PF,"",22474,"",,,ONLINE
202501,PF,"",22475,"",,,ONLINE
202501,PF,"",22482,"",,,ONLINE
202501,PF,"",22488,"",,,ONLINE
202501,PF,"",22501,"",,,ONLINE
202501,PF,"",22502,"",,,ONLINE
202501,PF,"",22506,"",,,ONLINE
202501,PF,"",22507,"",,,ONLINE
202501,PF,"",22516,"",,,ONLINE
202501,PF,"",22517,"",,,ONLINE
202501,PF,"",22520,"",,,ONLINE
202501,PF,"",22521,"",,,ONLINE
202501,PF,"",22522,"",,,ONLINE
202501,PF,"",22523,"",,,ONLINE
202501,PF,"",22524,"",,,ONLINE
202501,PF,"",22532,"",,,ONLINE
202501,PF,"",22533,"",,,ONLINE
202501,PF,"",22534,"",,,ONLINE
202501,PF,"",22535,"",,,ONLINE
202501,PF,"",22536,"",,,ONLINE
202501,PF,"",22544,"",,,ONLINE
202501,PF,"",22545,"",,,ONLINE
202501,PF,"",22552,"",,,ONLINE
202501,PF,"",22553,"",,,ONLINE
202501,PF,"",22557,"",,,ONLINE
202501,PF,"",22558,"",,,ONLINE
202501,PF,"",22562,"",,,ONLINE
202501,PF,"",22563,"",,,ONLINE
202501,PF,"",22567,"",,,ONLINE
202501,PF,"",22574,"",,,ONLINE
202501,PF,"",22575,"",,,ONLINE
202501,PF,"",22576,"",,,ONLINE
202501,PF,"",22577,"",,,ONLINE
202501,PF,"",22579,"",,,ONLINE
202501,PF,"",22584,"",,,ONLINE
202501,PF,"",22585,"",,,ONLINE
202501,PF,"",22589,"",,,ONLINE
202501,PF,"",22591,"",,,ONLINE
202501,PF,"",22593,"",,,ONLINE
202501,PF,"",22594,"",,,ONLINE
202501,PF,"",22595,"",,,ONLINE
202501,PF,"",22596,"",,,ONLINE
202501,PF,"",22597,"",,,ONLINE
202501,PF,"",22598,"",,,ONLINE
202501,PF,"",22601,"",,,ONLINE
202501,PF,"",22602,"",,,ONLINE
202501,PF,"",22603,"",,,ONLINE
202501,PF,"",22620,"",,,ONLINE
202501,PF,"",22621,"",,,ONLINE
202501,PF,"",22622,"",,,ONLINE
202501,PF,"",22624,"",,,ONLINE
202501,PF,"",22626,"",,,ONLINE
202501,PF,"",22627,"",,,ONLINE
202501,PF,"",22631,"",,,ONLINE
202501,PF,"",22633,"",,,ONLINE
202501,PF,"",22635,"",,,ONLINE
202501,PF,"",22636,"",,,ONLINE
202501,PF,"",22637,"",,,ONLINE
202501,PF,"",22638,"",,,ONLINE
202501,PF,"",22641,"",,,ONLINE
202501,PF,"",22649,"",,,ONLINE
202501,PF,"",22651,"",,,ONLINE
202501,PF,"",22652,"",,,ONLINE
202501,PF,"",22653,"",,,ONLINE
202501,PF,"",22654,"",,,ONLINE
202501,PF,"",22655,"",,,ONLINE
202501,PF,"",22657,"",,,ONLINE
202501,PF,"",22660,"",,,ONLINE
202501,PF,"",22661,"",,,ONLINE
202501,PF,"",22664,"",,,ONLINE
202501,PF,"",22665,"",,,ONLINE
202501,PF,"",22667,"",,,ONLINE
202501,PF,"",22668,"",,,ONLINE
202501,PF,"",22669,"",,,ONLINE
202501,PF,"",22671,"",,,ONLINE
202501,PF,"",22672,W,1600,1715,ONLINE
202501,PF,"",22673,"",,,ONLINE
202501,PF,"",22674,"",,,ONLINE
202501,PF,"",22675,"",,,ONLINE
202501,PF,"",22676,"",,,ONLINE
202501,PF,"",22677,"",,,ONLINE
202501,PF,"",22678,"",,,ONLINE
202501,PF,"",22679,"",,,ONLINE
202501,PF,"",22686,"",,,ONLINE
202501,PF,"",22687,"",,,ONLINE
202501,PF,"",22689,"",,,ONLINE
202501,PF,"",22693,"",,,ONLINE
202501,PF,"",22694,"",,,ONLINE
202501,PF,"",22695,"",,,ONLINE
202501,PF,"",22696,"",,,ONLINE
202501,PF,"",22713,"",,,ONLINE
202501,PF,"",22718,"",,,ONLINE
202501,PF,"",22719,"",,,ONLINE
202501,PF,"",22720,"",,,ONLINE
202501,PF,"",22748,"",,,ONLINE
202501,PF,ELF,19551,"",,,ONLINE
202501,PF,EX,19553,"",,,ONLINE
202501,PF,PCF02,16838,"",,,ONLINE
202501,PF,PCF02,16839,"",,,ONLINE
202501,PF,PCF03,13972,"",,,ONLINE
202501,PF,PCF03,22117,"",,,ONLINE
202501,PF,PCM01,22031,MW,1600,1715,ONLINE
202501,PF,PCSIM01,19177,MW,1130,1230,ONLINE
202501,PF,PCSIM02,19179,MW,1000,1115,ONLINE
202501,PF,PCSIM03,19181,TR,1430,1545,ONLINE
202501,PF,PCSIM04,19671,R,1000,1115,ONLINE
202501,PF,PCSIM05,19672,T,1000,1115,ONLINE
202501,PF,PCSIM06,21001,F,900,1145,ONLINE
202501,PF,PCSIM07,20110,TR,830,945,ONLINE
202501,PF,PCSIM08,19683,TR,1100,1245,ONLINE
202501,PF,PCSIM09,18470,MW,1100,1245,ONLINE
202501,PF,PCSIM10,18439,M,1130,1245,ONLINE
202501,PF,PCSIM11,15918,TR,1000,1115,ONLINE
202501,PF,PCSIM12,18907,TR,830,945,ONLINE
202501,PF,PCSIM13,18836,TR,1300,1415,ONLINE
202501,PF,PCSIM14,21414,MW,1300,1445,ONLINE
202501,PF,PCSIM15,21620,MW,1130,1245,ONLINE
202501,PF,PCSIM16,21631,TR,1300,1415,ONLINE
202501,PF,PCSIM17,21633,MW,1000,1115,ONLINE
202501,PF,PCSIM18,21634,MW,1130,1245,ONLINE
202501,PF,PCSIM19,21870,TR,830,945,ONLINE
202501,PF,PCSIM20,21932,R,1000,1050,ONLINE
202501,PF,PCSIM21,19368,MW,1300,1415,ONLINE
202501,PF,PCSIM22,22036,MW,1000,1115,ONLINE
202501,PF,PCSIM23,18811,MW,830,945,ONLINE
202501,PF,PCSIM24,18810,MW,1300,1415,ONLINE
202501,PF,PCSIM25,18869,TR,830,945,ONLINE
202501,PF,PCSIM26,20245,MW,830,945,ONLINE
202501,PF,PCSIM29,22519,M,1000,1115,ONLINE
202501,PF,PCSIM30,22647,TR,1130,1245,ONLINE
202501,PN,"",13213,MW,830,945,NE 1400
202501,PN,"",13215,M,1000,1245,NE 1140
202501,PN,"",13219,R,1300,1545,NE 1300
202501,PN,"",13220,T,1000,1245,NE 1340
202501,PN,"",13224,M,1900,2145,NE 1340
202501,PN,"",13226,W,1000,1245,NE 1100
202501,PN,"",13227,W,1300,1545,NE 1100
202501,PN,"",13229,MW,1000,1115,NE 0370
202501,PN,"",13230,TR,1900,2015,NE 1440
202501,PN,"",13231,MW,1130,1250,NE 1330
202501,PN,"",13232,MW,1430,1550,NE 1330
202501,PN,"",13233,TR,1130,1250,NE 1330
202501,PN,"",13234,TR,1730,1850,NE 1330
202501,PN,"",13235,TR,2030,2150,NE 1330
202501,PN,"",13236,MW,1300,1415,NE 0400
202501,PN,"",13237,T,1000,1245,NE 1300
202501,PN,"",13238,TR,830,945,NE 1440
202501,PN,"",13239,TR,1000,1120,NE 1100
202501,PN,"",13240,TR,830,945,NE 1280
202501,PN,"",13241,T,1000,1245,NC 1300
202501,PN,"",13243,F,1215,1500,NC 1300
202501,PN,"",13249,MW,1130,1245,NE 1280
202501,PN,"",13250,MW,1000,1115,NE 0120
202501,PN,"",13251,TR,830,945,NE 0140
202501,PN,"",13252,TR,1000,1115,NE 0340
202501,PN,"",13253,TR,1130,1245,NE 0340
202501,PN,"",13254,TR,1130,1245,NE 0310
202501,PN,"",13255,MW,1130,1245,NE 0340
202501,PN,"",13256,MW,700,815,NE 1420
202501,PN,"",13257,MW,830,945,NE 1420
202501,PN,"",13258,MW,1000,1115,NE 0140
202501,PN,"",13259,MW,1300,1415,NE 0350
202501,PN,"",13260,TR,1300,1415,NE 1440
202501,PN,"",13261,TR,1430,1545,NE 1380
202501,PN,"",13262,TR,1000,1115,NE 1440
202501,PN,"",13264,TR,1130,1245,NE 1400
202501,PN,"",13266,MW,1600,1715,NE 1420
202501,PN,"",13284,MW,1300,1415,NA 1100
202501,PN,"",13285,M,1000,1245,NC 1300
202501,PN,"",13286,TR,1130,1245,NE 1420
202501,PN,"",13287,T,1300,1545,NC 1300
202501,PN,"",13289,MW,1130,1245,NE 0120
202501,PN,"",13290,TR,1430,1545,NC 1340
202501,PN,"",13292,M,1300,1545,NE 1170
202501,PN,"",13293,T,1300,1545,NE 1170
202501,PN,"",13295,M,1000,1245,NE 1130
202501,PN,"",13296,T,1000,1245,NE 1130
202501,PN,"",13297,R,1000,1245,NE 1130
202501,PN,"",13298,T,1900,2145,NE 1130
202501,PN,"",13299,MW,1000,1115,NE 0310
202501,PN,"",13300,M,1300,1545,NE 1370
202501,PN,"",13301,R,1300,1545,NE 1370
202501,PN,"",13302,W,1300,1545,NC 1320
202501,PN,"",13303,R,1600,1845,NC 1320
202501,PN,"",13304,T,1000,1245,NC 1320
202501,PN,"",13305,R,1000,1245,NC 1320
202501,PN,"",13339,T,1300,1545,NE 1100
202501,PN,"",13340,W,1900,2145,NE 1100
202501,PN,"",13343,TR,700,815,ND 1120
202501,PN,"",13344,MW,830,945,NA 1170
202501,PN,"",13345,MW,830,945,NA 1120
202501,PN,"",13346,MW,1000,1055,NA 1120
202501,PN,"",13347,MW,1000,1115,NA 1170
202501,PN,"",13348,MW,1000,1115,NA 2190
202501,PN,"",13350,MW,1000,1115,NE 0330
202501,PN,"",13351,TR,1430,1545,NA 1100
202501,PN,"",13352,MW,1130,1245,NA 1100
202501,PN,"",13355,MW,1000,1115,NA 2180
202501,PN,"",13356,TR,800,915,NA 2160
202501,PN,"",13357,TR,830,945,ND 1120
202501,PN,"",13360,TR,1130,1245,NA 2130
202501,PN,"",13362,TR,1000,1115,NA 2130
202501,PN,"",13364,TR,1130,1245,NA 1100
202501,PN,"",13371,MW,830,945,ND 1120
202501,PN,"",13428,M,1100,1150,NE 0420
202501,PN,"",13429,M,900,1050,NE 0420
202501,PN,"",13430,W,900,1050,NE 0420
202501,PN,"",13431,W,1300,1450,NE 0420
202501,PN,"",13432,R,900,950,NE 0420
202501,PN,"",13440,MW,1000,1115,ND 1240
202501,PN,"",13450,MW,1000,1115,ND 1270
202501,PN,"",13494,TR,1430,1545,NE 0100
202501,PN,"",13495,TR,1000,1115,NE 0120
202501,PN,"",13497,MW,1000,1115,NE 1420
202501,PN,"",13501,MW,1730,1845,NE 0310
202501,PN,"",13504,MW,1300,1415,NE 0370
202501,PN,"",13506,TR,1930,2115,NE 0380
202501,PN,"",13509,MW,1100,1245,NE 1380
202501,PN,"",13511,TR,1130,1245,NE 0300
202501,PN,"",13512,MW,1300,1415,NE 1260
202501,PN,"",13513,TR,700,845,NE 1460
202501,PN,"",13519,MW,1000,1115,NE 0190
202501,PN,"",13521,MW,1730,1915,NE 0300
202501,PN,"",13523,TR,1430,1545,NA 1160
202501,PN,"",13524,TR,1000,1115,NA 1160
202501,PN,"",13525,R,1000,1245,NE 1340
202501,PN,"",13526,W,1300,1545,NE 1340
202501,PN,"",13528,W,1900,2145,NE 1340
202501,PN,"",13529,M,1300,1545,NE 1100
202501,PN,"",13540,MW,1000,1055,NE 0380
202501,PN,"",13551,W,1130,1225,NA 2160
202501,PN,"",13553,T,1000,1055,NE 0350
202501,PN,"",13554,MW,1130,1225,NE 1460
202501,PN,"",13556,TR,1430,1525,NE 0350
202501,PN,"",13557,TR,830,945,NE 0350
202501,PN,"",13558,TR,1000,1115,NE 1360
202501,PN,"",13559,MW,1000,1115,NE 1460
202501,PN,"",13560,MW,1000,1115,NE 1360
202501,PN,"",13561,TR,1300,1415,NE 0350
202501,PN,"",13562,TR,1130,1245,NE 1380
202501,PN,"",13564,TR,1000,1115,NE 0370
202501,PN,"",13567,MW,1430,1545,NE 0130
202501,PN,"",13604,TR,1130,1245,NE 0120
202501,PN,"",13667,TR,830,945,NA 1170
202501,PN,"",13673,TR,1000,1115,NA 1170
202501,PN,"",13747,TR,1000,1115,NE 0190
202501,PN,"",13762,T,1300,1545,NE 1340
202501,PN,"",13763,R,1300,1545,NE 1340
202501,PN,"",13977,TR,1300,1415,NE 0360
202501,PN,"",13983,MW,1600,1715,NE 0310
202501,PN,"",14000,TR,1300,1445,NE 0260
202501,PN,"",14013,TR,1000,1115,NE 1420
202501,PN,"",14017,MW,1000,1115,NE 1400
202501,PN,"",14019,MW,1000,1115,NE 0150
202501,PN,"",14020,MW,1130,1245,NE 0150
202501,PN,"",14021,W,1300,1545,NE 1130
202501,PN,"",14024,MW,830,945,ND 1240
202501,PN,"",14048,MW,1000,1055,NE 0320
202501,PN,"",14049,MW,900,1145,NA 1150
202501,PN,"",14050,MW,830,945,NE 1280
202501,PN,"",14056,TR,1000,1115,NE 1380
202501,PN,"",14058,MW,830,945,NA 2110
202501,PN,"",14080,TR,1000,1115,NE 0100
202501,PN,"",14081,MW,1000,1115,NE 0400
202501,PN,"",14082,TR,1300,1415,NE 0120
202501,PN,"",14134,MW,1200,1445,NA 1150
202501,PN,"",14216,TR,830,950,NE 1330
202501,PN,"",14314,TR,1000,1115,ND 1220
202501,PN,"",14315,M,1000,1245,NE 1340
202501,PN,"",14419,TR,1000,1115,NE 1460
202501,PN,"",14459,R,1900,2145,NE 1300
202501,PN,"",14462,MW,1130,1245,NE 0400
202501,PN,"",14469,MW,1130,1245,NE 0370
202501,PN,"",14482,TR,830,945,NE 0220
202501,PN,"",14495,TR,1130,1225,NE 1460
202501,PN,"",14647,MW,1430,1545,NE 1420
202501,PN,"",15206,T,1300,1355,NE 1380
202501,PN,"",15209,W,1300,1545,NE 1300
202501,PN,"",15211,MW,830,950,NE 1330
202501,PN,"",15221,TR,830,925,NE 0380
202501,PN,"",15228,MW,1000,1115,NA 2160
202501,PN,"",15230,R,1130,1225,NE 1360
202501,PN,"",15255,MW,1130,1245,NE 1400
202501,PN,"",15262,W,1000,1245,NE 1300
202501,PN,"",15264,W,1300,1545,NE 1170
202501,PN,"",15277,TR,1130,1225,NA 1120
202501,PN,"",15279,TR,1000,1115,NA 1120
202501,PN,"",15342,MW,1300,1415,NE 0300
202501,PN,"",15363,TR,830,945,NE 1380
202501,PN,"",15364,MW,830,945,NE 0120
202501,PN,"",15370,TR,700,815,NE 1420
202501,PN,"",15418,MW,1130,1245,NA 2190
202501,PN,"",15659,MW,1130,1245,NE 1360
202501,PN,"",15684,TR,830,945,NE 0360
202501,PN,"",15685,MW,1000,1115,NE 1220
202501,PN,"",15687,TR,1000,1115,NE 1220
202501,PN,"",15689,TR,1300,1415,NE 1220
202501,PN,"",15690,MW,1800,1915,NE 0320
202501,PN,"",15695,W,1900,2145,NE 1140
202501,PN,"",15701,TR,1000,1115,NE 1280
202501,PN,"",15708,TR,1300,1415,ND 1270
202501,PN,"",15710,TR,1130,1245,NE 1440
202501,PN,"",15725,T,1000,1245,NE 1140
202501,PN,"",15726,T,1300,1545,NE 1140
202501,PN,"",15727,F,1215,1500,NE 1140
202501,PN,"",15728,MW,1430,1545,NE 0340
202501,PN,"",15741,MW,1300,1415,NA 2200
202501,PN,"",15773,MW,1430,1545,NE 0380
202501,PN,"",15822,TR,1430,1525,NE 1440
202501,PN,"",15915,R,830,1115,NE 1140
202501,PN,"",15924,TR,830,945,NE 0400
202501,PN,"",15943,TR,1000,1115,NA 2200
202501,PN,"",15965,TR,1430,1545,NE 1460
202501,PN,"",15966,MW,1300,1415,NE 0310
202501,PN,"",15967,MW,1300,1415,NA 2230
202501,PN,"",16021,MW,1130,1245,NE 0350
202501,PN,"",16054,T,1000,1245,NE 1170
202501,PN,"",16212,TR,900,1145,NA 1150
202501,PN,"",16224,MW,1300,1355,NE 1360
202501,PN,"",16379,W,1000,1055,NE 0350
202501,PN,"",16380,MW,830,945,NE 0350
202501,PN,"",16381,MW,830,945,NE 0300
202501,PN,"",16476,MW,1430,1545,NA 1100
202501,PN,"",16478,W,1100,1150,NE 0420
202501,PN,"",16563,TR,1200,1445,NA 1150
202501,PN,"",16684,TR,1300,1355,NA 1140
202501,PN,"",16685,TR,1130,1245,NA 1140
202501,PN,"",16762,R,1000,1050,NE 0420
202501,PN,"",16774,TR,1130,1245,ND 1270
202501,PN,"",16781,MW,1500,1745,NA 1150
202501,PN,"",16789,TR,1800,1915,NE 0320
202501,PN,"",16790,TR,1300,1445,NE 0140
202501,PN,"",16791,MW,1300,1415,NE 0140
202501,PN,"",16792,TR,830,945,NE 1420
202501,PN,"",16793,MW,1430,1545,NE 0360
202501,PN,"",16794,TR,1130,1245,NE 0400
202501,PN,"",16795,TR,1130,1225,NE 0380
202501,PN,"",16797,TR,1300,1355,NE 0380
202501,PN,"",16798,MW,1430,1545,NE 0310
202501,PN,"",16800,TR,1130,1225,NE 0320
202501,PN,"",16801,MW,1130,1225,NE 0320
202501,PN,"",16802,TR,1130,1245,NE 0360
202501,PN,"",16803,MW,1300,1355,NE 0320
202501,PN,"",16804,TR,1000,1115,NE 0360
202501,PN,"",16805,TR,1300,1355,NE 0320
202501,PN,"",16806,S,900,1050,NE 0320
202501,PN,"",16914,TR,1130,1245,NE 0150
202501,PN,"",16917,MW,1300,1415,NE 0290
202501,PN,"",16919,MW,1130,1245,ND 1240
202501,PN,"",16920,TR,1300,1415,NE 1400
202501,PN,"",16922,TR,1130,1245,ND 1240
202501,PN,"",16923,MW,1300,1415,ND 1240
202501,PN,"",16958,MW,1300,1415,NE 0120
202501,PN,"",16959,TR,1130,1245,ND 1260
202501,PN,"",17021,MW,1000,1115,NE 0130
202501,PN,"",17022,MW,1130,1245,NE 1200
202501,PN,"",17024,M,1300,1545,NC 1300
202501,PN,"",17025,TR,830,945,NA 2230
202501,PN,"",17026,R,1000,1245,NE 1170
202501,PN,"",17189,MW,1000,1115,NA 2200
202501,PN,"",17193,MW,1430,1545,NA 1160
202501,PN,"",17230,TR,830,945,NE 1360
202501,PN,"",17232,MW,1130,1245,NE 1220
202501,PN,"",17235,M,1300,1545,NC 1320
202501,PN,"",17367,MW,1130,1225,NE 0380
202501,PN,"",17445,TR,1130,1245,NE 0330
202501,PN,"",17451,TR,1000,1115,ND 1270
202501,PN,"",17824,M,1600,1845,NE 1170
202501,PN,"",17911,TR,1130,1245,NA 1170
202501,PN,"",17925,MW,1000,1115,ND 1120
202501,PN,"",17929,MW,1000,1115,NA 1140
202501,PN,"",17930,MW,1130,1225,NA 1140
202501,PN,"",17950,TR,1730,1845,NE 1460
202501,PN,"",17952,TR,1130,1245,NE 1260
202501,PN,"",17954,MW,1000,1115,NA 2130
202501,PN,"",17969,TR,830,945,NE 0120
202501,PN,"",17970,TR,1000,1115,NE 1260
202501,PN,"",17971,MW,1300,1415,ND 1220
202501,PN,"",17976,MW,830,945,NE 1460
202501,PN,"",17977,MW,1130,1245,ND 1260
202501,PN,"",17980,TR,1130,1245,NE 0140
202501,PN,"",17982,TR,1300,1415,NA 2230
202501,PN,"",17983,MW,1430,1545,NE 1280
202501,PN,"",17986,MW,1130,1245,NE 1440
202501,PN,"",17987,TR,1730,1845,NE 0380
202501,PN,"",17988,F,900,1145,NE 0300
202501,PN,"",17989,MW,1130,1245,NE 0140
202501,PN,"",17991,MW,1000,1115,NE 0360
202501,PN,"",17992,TR,1300,1415,NE 1260
202501,PN,"",17994,MW,1000,1115,NE 0340
202501,PN,"",17995,TR,1300,1415,NE 1280
202501,PN,"",18036,MW,1130,1245,NE 1260
202501,PN,"",18037,F,900,1145,NE 1260
202501,PN,"",18038,TR,1000,1115,NE 0310
202501,PN,"",18039,MW,1130,1245,NE 0360
202501,PN,"",18040,MW,1430,1525,NE 1440
202501,PN,"",18041,MW,1300,1415,NE 1440
202501,PN,"",18042,TR,1500,1645,NE 1260
202501,PN,"",18043,MW,1600,1715,NE 0300
202501,PN,"",18045,MW,1500,1645,NE 1260
202501,PN,"",18049,MW,1300,1415,NA 1160
202501,PN,"",18050,MW,1300,1445,NE 0280
202501,PN,"",18051,TR,1100,1245,NE 0280
202501,PN,"",18052,TR,1300,1415,NE 0280
202501,PN,"",18062,MW,1000,1115,NA 2230
202501,PN,"",18063,MW,1130,1245,NA 2230
202501,PN,"",18064,TR,1000,1245,ND 1210
202501,PN,"",18065,TR,1000,1245,ND 1210
202501,PN,"",18066,TR,1000,1115,NE 0250
202501,PN,"",18071,MW,1430,1545,NE 1200
202501,PN,"",18073,TR,1130,1245,NE 0290
202501,PN,"",18074,TR,1300,1415,NE 0290
202501,PN,"",18075,TR,1300,1415,NE 0150
202501,PN,"",18174,TR,1000,1115,NA 2230
202501,PN,"",18175,R,1300,1545,NC 1300
202501,PN,"",18176,S,1215,1500,NE 0300
202501,PN,"",18177,S,900,1145,NE 1170
202501,PN,"",18178,T,1600,1845,NC 1320
202501,PN,"",18185,TR,1000,1115,NE 0110
202501,PN,"",18205,MW,1130,1245,NA 1120
202501,PN,"",18206,MW,1300,1415,ND 1120
202501,PN,"",18207,MW,1000,1115,NA 1100
202501,PN,"",18208,TR,1000,1115,NE 0150
202501,PN,"",18210,MW,1300,1415,NA 2130
202501,PN,"",18419,TR,1000,1115,NE 1200
202501,PN,"",18539,S,900,1145,NE 0380
202501,PN,"",18540,S,1215,1500,NE 1170
202501,PN,"",18583,W,1600,1845,NE 1130
202501,PN,"",18614,TR,1300,1415,NA 2130
202501,PN,"",18715,TR,1130,1245,NE 0250
202501,PN,"",18734,F,900,1145,NE 0340
202501,PN,"",18735,F,1215,1500,NE 1130
202501,PN,"",19183,MW,1130,1245,NE 0130
202501,PN,"",19199,TR,1130,1245,NA 1160
202501,PN,"",19207,MW,1300,1355,NE 0380
202501,PN,"",19209,MW,1130,1225,NA 2200
202501,PN,"",19210,MW,1430,1545,NE 0300
202501,PN,"",19211,TR,1430,1525,NE 1360
202501,PN,"",19212,TR,1300,1415,NE 1360
202501,PN,"",19213,TR,1730,1915,NE 0300
202501,PN,"",19380,MW,1130,1245,NE 0300
202501,PN,"",19381,MW,1300,1415,NE 1400
202501,PN,"",19382,TR,830,945,NE 1260
202501,PN,"",19606,TR,830,945,NE 0290
202501,PN,"",19607,TR,1300,1415,NE 0370
202501,PN,"",19608,R,1000,1245,NC 1300
202501,PN,"",19609,MW,1430,1545,NE 1220
202501,PN,"",19610,MW,700,815,NE 1220
202501,PN,"",19612,MW,1300,1445,NE 1380
202501,PN,"",19696,S,1215,1600,NE 0190
202501,PN,"",19882,MW,1300,1355,NE 0340
202501,PN,"",19943,TR,830,945,NE 0340
202501,PN,"",19944,TR,1000,1055,NE 0140
202501,PN,"",20098,R,1300,1545,NE 1170
202501,PN,"",20200,MW,1000,1115,NE 0270
202501,PN,"",20613,TR,1130,1245,ND 1120
202501,PN,"",20939,W,1300,1545,NE 1140
202501,PN,"",20940,R,1300,1545,NE 1140
202501,PN,"",20941,TR,1130,1245,NE 0130
202501,PN,"",20942,M,1000,1245,NE 1300
202501,PN,"",20943,TR,830,945,NE 1400
202501,PN,"",21003,TR,1300,1415,ND 1220
202501,PN,"",21004,TR,1000,1055,NE 0380
202501,PN,"",21005,TR,1130,1245,NC 1340
202501,PN,"",21015,MW,1300,1355,NA 1170
202501,PN,"",21016,MW,1130,1245,NA 1170
202501,PN,"",21017,MW,1130,1245,ND 1120
202501,PN,"",21018,TR,1300,1415,ND 1120
202501,PN,"",21019,TR,1000,1115,NA 1100
202501,PN,"",21021,TR,830,945,NE 0150
202501,PN,"",21022,TR,1430,1545,NE 1420
202501,PN,"",21051,MW,1130,1245,NE 1420
202501,PN,"",21052,MW,1130,1245,ND 1220
202501,PN,"",21053,TR,1130,1245,NE 1280
202501,PN,"",21217,MW,1430,1545,NE 0290
202501,PN,"",21261,TR,1300,1415,NE 0100
202501,PN,"",21262,TR,1130,1245,NA 2230
202501,PN,"",21303,TR,1000,1115,NE 0400
202501,PN,"",21305,M,1130,1225,NE 0100
202501,PN,"",21306,MW,1000,1115,NE 0100
202501,PN,"",21309,MW,1000,1115,NE 1200
202501,PN,"",21434,MW,1100,1245,NE 0280
202501,PN,"",21548,T,1900,2145,NE 1340
202501,PN,"",21549,TR,1900,2145,NE 1100
202501,PN,"",21551,W,1000,1245,NE 1140
202501,PN,"",21622,MW,1930,2045,NA 1160
202501,PN,"",21701,MW,1130,1245,ND 1270
202501,PN,"",21714,MW,1000,1115,NE 1440
202501,PN,"",21716,MW,830,945,NE 1440
202501,PN,"",21733,TR,1130,1245,NA 2160
202501,PN,"",21734,MW,1300,1415,NA 2180
202501,PN,"",21737,M,1300,1455,NE 0150
202501,PN,"",21898,TR,1300,1415,NE 1190
202501,PN,"",21907,MW,1000,1115,NA 1160
202501,PN,"",22035,TR,1130,1245,NA 2230
202501,PN,"",22179,MW,830,945,NE 0140
202501,PN,"",22196,MW,830,945,NE 0290
202501,PN,"",22257,TR,1130,1245,NA 2180
202501,PN,"",22258,TR,1300,1355,NA 1120
202501,PN,"",22386,TR,1300,1445,NE 0190
202501,PN,"",22451,TR,1300,1415,NE 1200
202501,PN,"",22452,TR,1130,1245,NE 1200
202501,PN,"",22478,MW,1000,1115,ND 1220
202501,PN,"",22479,TR,1300,1415,NE 0400
202501,PN,PCM01,22027,MW,1600,1715,NE 0230
202501,PN,PCSIM16,21630,TR,1300,1415,NE 0230
202501,PN,PCSIM17,21632,MW,1000,1115,NE 0230
202501,PN,PCSIM18,17290,MW,1130,1245,NE 0230
202501,PN,PCSIM21,19367,MW,1300,1415,NC 1340
202501,PN,PCSIM29,19710,M,1000,1115,NC 1340
202501,PN,PNH01,13358,TR,1000,1115,NE 0220
202501,PN,PNH01,15556,TR,1000,1115,NE 0220
202501,PN,PNH02,16913,TR,1300,1415,NA 2200
202501,PN,PNH02,16953,TR,1300,1415,NA 2200
202501,PN,PNH03,16956,TR,1000,1115,NE 0290
202501,PN,PNH03,16957,TR,1000,1115,NE 0290
202501,PN,PNH04,18072,TR,1000,1115,NE 0300
202501,PN,PNH04,19325,TR,1000,1115,NE 0300
202501,PN,PNH05,16918,TR,1000,1115,ND 1240
202501,PN,PNH05,16954,TR,1000,1115,ND 1240
202501,PN,PNH06,16921,TR,830,945,ND 1240
202501,PN,PNH06,16955,TR,830,945,ND 1240
202501,PN,PNH08,15742,MW,1130,1245,NE 0290
202501,PN,PNH08,17324,MW,1130,1245,NE 0290
202501,PN,PNH09,15840,M,1300,1545,NE 1140
202501,PN,PNH09,17325,M,1300,1545,NE 1140
202501,PN,PNH10,17948,TR,1130,1245,NA 2110
202501,PN,PNH10,17949,TR,1130,1245,NA 2110
202501,PN,PNH11,14470,T,1300,1545,NE 1300
202501,PN,PNH11,17326,T,1300,1545,NE 1300
202501,PN,PNH12,14028,MW,1130,1245,NA 2110
202501,PN,PNH12,17327,MW,1130,1245,NA 2110
202501,PN,PNH14,13242,W,1300,1545,NC 1300
202501,PN,PNH14,17328,W,1300,1545,NC 1300
202501,PN,PNH15,20316,TR,1300,1415,NE 0310
202501,PN,PNH15,22180,TR,1300,1415,NE 0310
202501,PS,"",13214,MW,1130,1245,SB 1170
202501,PS,"",13225,W,1000,1245,SB 1200
202501,PS,"",13310,MW,1000,1115,SA 2600
202501,PS,"",13311,MW,1130,1245,SA 2600
202501,PS,"",13312,TR,830,945,SB 2160
202501,PS,"",13314,TR,1130,1245,SC 1120
202501,PS,"",13366,TR,1130,1245,SB 2180
202501,PS,"",13375,T,1300,1355,SH 1500
202501,PS,"",13376,MW,1130,1225,SB 2160
202501,PS,"",13377,TR,1000,1055,SH 1500
202501,PS,"",13379,TR,1130,1245,SH 1500
202501,PS,"",13381,TR,1430,1545,SH 1500
202501,PS,"",13382,TR,830,945,SH 1500
202501,PS,"",13383,MW,1000,1115,SB 2160
202501,PS,"",13415,MW,830,945,SB 1230
202501,PS,"",13471,MW,1130,1245,SB 2210
202501,PS,"",13502,TR,1000,1115,SB 1100
202501,PS,"",13505,MW,1000,1115,SB 1170
202501,PS,"",13507,F,900,1145,SB 1130
202501,PS,"",13508,MW,1730,1845,SB 1110
202501,PS,"",13516,T,830,1115,SB 1220
202501,PS,"",13522,R,1130,1415,SB 1150
202501,PS,"",13532,TR,1130,1250,SB 1220
202501,PS,"",13535,M,1300,1545,SB 2220
202501,PS,"",13536,M,1900,2145,SB 2220
202501,PS,"",13537,R,1300,1545,SB 2240
202501,PS,"",13571,MW,1430,1545,SB 1140
202501,PS,"",13584,TR,1000,1115,SB 1230
202501,PS,"",13587,MW,1000,1115,SB 1140
202501,PS,"",13588,TR,1430,1545,SB 1140
202501,PS,"",13590,TR,830,945,SB 1140
202501,PS,"",13595,MW,1000,1115,SB 1100
202501,PS,"",13597,TR,1300,1415,SB 1230
202501,PS,"",13601,TR,830,945,SB 2180
202501,PS,"",13602,MW,1300,1415,SB 2120
202501,PS,"",13953,MW,1000,1115,SB 1130
202501,PS,"",14009,MW,830,945,SB 1100
202501,PS,"",14071,TR,1300,1355,SB 2170
202501,PS,"",14074,F,1215,1500,SB 2220
202501,PS,"",14107,TR,1000,1055,SB 1190
202501,PS,"",14220,MW,1130,1245,SB 2190
202501,PS,"",14424,F,1215,1500,SB 1200
202501,PS,"",14477,MW,1300,1415,SB 2140
202501,PS,"",14499,TR,1300,1415,SB 2190
202501,PS,"",14954,TR,1430,1545,SB 2100
202501,PS,"",15027,R,1000,1245,SB 1200
202501,PS,"",15036,MW,1000,1115,SB 2210
202501,PS,"",15219,R,1300,1355,SH 1500
202501,PS,"",15259,TR,1430,1545,SB 1230
202501,PS,"",15268,TR,1130,1245,SB 2210
202501,PS,"",15269,F,900,1145,SB 1110
202501,PS,"",15275,TR,1300,1415,SB 1110
202501,PS,"",15325,MW,1300,1415,SB 2200
202501,PS,"",15663,TR,1000,1115,SC 1120
202501,PS,"",15665,MW,1130,1245,SH 1500
202501,PS,"",15739,TR,1130,1245,SB 1190
202501,PS,"",15743,TR,1130,1245,SB 1100
202501,PS,"",15774,MW,1130,1245,SH 1200
202501,PS,"",15832,TR,1000,1115,SH 1200
202501,PS,"",15876,TR,1000,1115,SB 1140
202501,PS,"",15968,MW,1000,1115,SB 2180
202501,PS,"",16050,TR,1300,1415,SB 1140
202501,PS,"",16069,TR,1130,1245,SB 1120
202501,PS,"",16076,TR,830,945,SB 2170
202501,PS,"",16358,MW,1300,1355,SH 1500
202501,PS,"",16475,MW,1000,1115,SB 2120
202501,PS,"",16764,F,1215,1500,SB 1220
202501,PS,"",16765,R,1300,1545,SB 1220
202501,PS,"",16766,F,1215,1500,SB 1130
202501,PS,"",16767,F,900,1145,SB 1150
202501,PS,"",16768,MW,1430,1545,SB 1190
202501,PS,"",16769,M,1600,1845,SB 1200
202501,PS,"",16836,MW,1300,1415,SB 1100
202501,PS,"",16867,TR,1000,1115,SB 1120
202501,PS,"",16872,W,1600,1845,SB 2220
202501,PS,"",16875,S,900,1145,SB 1130
202501,PS,"",16876,S,1215,1500,SB 2260
202501,PS,"",17266,MW,1730,1845,SC 1120
202501,PS,"",17273,MW,1430,1525,SB 2140
202501,PS,"",17279,MW,1130,1225,SB 2140
202501,PS,"",17280,MW,1000,1115,SB 2140
202501,PS,"",17391,MW,1130,1250,SB 1220
202501,PS,"",18076,MW,1300,1445,SH 1100
202501,PS,"",18078,MW,1000,1115,SH 1300
202501,PS,"",18079,M,1130,1225,SH 1300
202501,PS,"",18080,TR,830,945,SC 1125
202501,PS,"",18081,TR,1130,1245,SB 2200
202501,PS,"",18082,MW,1000,1115,SB 2190
202501,PS,"",18084,MW,1300,1415,SB 2150
202501,PS,"",18137,MW,1130,1245,SB 1120
202501,PS,"",18139,TR,1300,1415,SB 2180
202501,PS,"",18151,MW,1000,1115,SB 1230
202501,PS,"",18152,MW,1430,1545,SB 1230
202501,PS,"",18213,MW,830,945,SB 1110
202501,PS,"",18214,M,1000,1245,SB 2260
202501,PS,"",18215,MW,1130,1245,SB 1110
202501,PS,"",18216,W,1300,1545,SB 2260
202501,PS,"",18217,M,1300,1545,SB 1220
202501,PS,"",18218,M,1000,1245,SB 1200
202501,PS,"",18221,TR,1000,1115,SB 1110
202501,PS,"",18222,MW,1430,1545,SB 1130
202501,PS,"",18436,TR,1000,1115,SC 1125
202501,PS,"",18506,TR,1130,1225,SB 2120
202501,PS,"",19221,MW,1300,1415,SB 1230
202501,PS,"",19222,TR,1000,1115,SB 2180
202501,PS,"",19223,MW,1130,1245,SB 1230
202501,PS,"",19230,TR,1130,1225,SB 2140
202501,PS,"",19231,TR,1000,1115,SB 2140
202501,PS,"",19233,MW,1000,1115,SB 2200
202501,PS,"",19234,MW,1000,1115,SC 1125
202501,PS,"",19244,MW,1300,1355,SB 2170
202501,PS,"",19245,TR,1430,1545,SB 2170
202501,PS,"",19246,MW,1300,1415,SB 2210
202501,PS,"",19247,MW,1000,1115,SB 1190
202501,PS,"",19248,MW,1130,1225,SB 1190
202501,PS,"",19262,MW,1730,1845,SB 1130
202501,PS,"",19263,M,1900,2145,SB 1220
202501,PS,"",19264,MW,1130,1245,SB 2100
202501,PS,"",19265,W,830,1115,SB 1150
202501,PS,"",19266,TR,830,945,SB 1190
202501,PS,"",19268,TR,2030,2150,SB 1220
202501,PS,"",19269,MW,830,950,SB 1220
202501,PS,"",19270,W,1300,1545,SB 2220
202501,PS,"",19273,R,1430,1715,SB 2260
202501,PS,"",19307,TR,1300,1415,SB 1120
202501,PS,"",19308,MW,1000,1115,SB 1110
202501,PS,"",19310,MW,1300,1415,SB 2250
202501,PS,"",19311,MW,1000,1115,SH 1500
202501,PS,"",19312,MW,1300,1415,SB 1120
202501,PS,"",19373,TR,1000,1055,SB 2120
202501,PS,"",19405,TR,1130,1225,SB 2170
202501,PS,"",19604,TR,1730,1845,SB 1140
202501,PS,"",19605,MW,1300,1415,SB 2190
202501,PS,"",19613,MW,1600,1715,SB 1140
202501,PS,"",19614,TR,1130,1245,SB 1140
202501,PS,"",19633,MW,1130,1245,SC 1125
202501,PS,"",19731,TR,1000,1115,SB 2190
202501,PS,"",19942,TR,1300,1415,SH 1200
202501,PS,"",20324,MW,1430,1545,SC 1120
202501,PS,"",20559,MW,1130,1225,SB 2150
202501,PS,"",20560,MW,1000,1115,SB 2150
202501,PS,"",20620,TR,1000,1115,SB 2200
202501,PS,"",21094,MW,1300,1415,SH 1200
202501,PS,"",21132,TR,1430,1545,SB 1170
202501,PS,"",21133,T,1600,1845,SB 1220
202501,PS,"",21136,F,900,1145,SB 1100
202501,PS,"",21137,T,1000,1245,SB 1200
202501,PS,"",21138,TR,830,945,SB 1100
202501,PS,"",21139,TR,1130,1245,SB 2100
202501,PS,"",21140,R,1300,1545,SB 2220
202501,PS,"",21142,T,1900,2145,SB 2240
202501,PS,"",21164,MW,1300,1415,SB 1140
202501,PS,"",21165,MW,1130,1245,SB 2180
202501,PS,"",21166,MW,1000,1115,SB 1120
202501,PS,"",21275,M,1130,1225,SH 1100
202501,PS,"",21276,MW,1000,1115,SH 1100
202501,PS,"",21315,TR,1130,1225,SB 2150
202501,PS,"",21316,TR,1000,1115,SB 2150
202501,PS,"",21317,TR,1000,1115,SB 2160
202501,PS,"",21645,MW,1100,1245,SB 2250
202501,PS,"",21735,TR,1730,1845,SH 1300
202501,PS,"",21736,T,1900,1955,SH 1300
202501,PS,"",21738,MW,1730,1845,SH 1300
202501,PS,"",21739,MW,1900,1955,SH 1300
202501,PS,"",22272,MW,1130,1245,SB 2200
202501,PS,"",22337,MW,1300,1415,SB 2180
202501,PS,"",22338,MW,1430,1525,SB 2160
202501,PS,PCM01,22030,MW,1600,1715,SB 2250
202501,PS,PCS00,13510,TR,830,945,SB 1170
202501,PS,PCS00,15737,TR,830,945,SB 1170
202501,PS,PCS01,13538,T,1000,1245,SB 2220
202501,PS,PCS01,17673,T,1000,1245,SB 2220
202501,PS,PCS03,13539,W,1000,1245,SB 2220
202501,PS,PCS03,17672,W,1000,1245,SB 2220
202501,PS,PCS07,18223,MW,1130,1245,SB 1100
202501,PS,PCS07,18224,MW,1130,1245,SB 1100
202501,PS,PCS08,18225,M,1300,1545,SB 2260
202501,PS,PCS08,18226,M,1300,1545,SB 2260
202501,PS,PCS09,15738,MW,830,945,SB 1170
202501,PS,PCS09,19261,MW,830,945,SB 1170
202501,PS,PCS10,15841,TR,1130,1245,SB 1230
202501,PS,PCS10,21649,TR,1130,1245,SB 1230
202501,PS,PCS11,13593,MW,1130,1245,SB 1140
202501,PS,PCS11,21648,MW,1130,1245,SB 1140
202501,PS,PCS12,18085,TR,1300,1415,SB 2140
202501,PS,PCS12,18509,TR,1300,1415,SB 2140
202501,PS,PCS13,13322,MW,1130,1225,SB 2170
202501,PS,PCS13,21671,MW,1130,1225,SB 2170
202501,PS,PCS14,21777,TR,1300,1415,SB 2250
202501,PS,PCS14,21856,TR,1300,1415,SB 2250
202501,PS,PCS15,21778,T,1430,1525,SB 2250
202501,PS,PCS15,21857,T,1430,1525,SB 2250
202501,PS,PCS16,15691,TR,1430,1525,SH 1300
202501,PS,PCS16,21858,TR,1430,1525,SH 1300
202501,PS,PCS17,15692,TR,1300,1415,SH 1300
202501,PS,PCS17,21859,TR,1300,1415,SH 1300
202501,PS,PCS18,18219,TR,1130,1245,SB 1130
202501,PS,PCS18,22118,TR,1130,1245,SB 1130
202501,PS,PCS20,18220,T,1300,1545,SB 1150
202501,PS,PCS20,22119,T,1300,1545,SB 1150
202501,PX,"",21672,W,830,1100,OC-384
202501,PX,"",21674,W,1600,1830,OC-384
202501,PX,"",21675,W,1831,1925,OC-384
202501,PX,"",21913,W,1130,1430,OC-403
202501,PX,"",21950,MW,800,915,400360
202501,PX,"",21951,TR,800,915,400360
202501,PX,"",22753,R,900,1500,999558
202501,PX,PCX01,21911,W,900,1129,OC-403
202501,PX,PCX01,22747,W,900,1129,OC-403
